,genus,Habit,Accepted_Name,Accepted_Species,Accepted_Species_ID,Accepted_ID,Accepted_Rank
0,Acokanthera,shrub,Acokanthera,,,2171-1,Genus
1,Acranthera,subshrub,Acranthera,,,331317-2,Genus
2,Acrobotrys,shrub/subshrub,Acrobotrys,,,295729-2,Genus
3,Acrosynanthus,shrub/subshrub,Acrosynanthus,,,295733-2,Genus
4,Acunaeanthus,shrub/subshrub/tree,Acunaeanthus,,,298325-2,Genus
5,Adenium,succulent,Adenium,,,2172-1,Genus
6,Adenorandia,shrub/subshrub/tree,Adenorandia,,,981077-1,Genus
7,Adina,shrub/tree,Adina,,,34103-1,Genus
8,Adolphoduckea,tree/shrub,Adolphoduckea,,,77187867-1,Genus
9,Afrocanthium,tree/shrub,Afrocanthium,,,77062247-1,Genus
10,Aganosma,liana,Aganosma,,,2176-1,Genus
11,Agathisanthemum,shrub/subshrub,Agathisanthemum,,,34107-1,Genus
12,Agouticarpa,tree/shrub,Agouticarpa,,,327793-2,Genus
13,Aidia,liana,Aidia,,,327845-2,Genus
14,Aidiopsis,shrub/subshrub/tree,Aidiopsis,,,925011-1,Genus
15,Airosperma,shrub/subshrub/tree,Airosperma,,,34110-1,Genus
16,Alafia,liana,Alafia,,,2180-1,Genus
17,Alberta,tree/shrub,Alberta,,,34112-1,Genus
18,Aleisanthia,shrub/subshrub,Aleisanthia,,,34113-1,Genus
19,Aleisanthiopsis,tree/shrub,Aleisanthiopsis,,,995636-1,Genus
20,Alibertia,shrub/tree,Alibertia,,,30011980-2,Genus
21,Allamanda,shrub,Allamanda,,,2182-1,Genus
22,Alleizettella,shrub/subshrub,Alleizettella,,,34118-1,Genus
23,Allomarkgrafia,liana,Allomarkgrafia,,,2183-1,Genus
24,Allowoodsonia,tree/shrub,Allowoodsonia,,,2184-1,Genus
25,Alseis,shrub/tree,Alseis,,,34120-1,Genus
26,Alstonia,tree,Alstonia,,,331333-2,Genus
27,Alyxia,tree,Alyxia,,,331334-2,Genus
28,Amaioua,shrub/tree,Amaioua,,,34121-1,Genus
29,Amalocalyx,liana,Amalocalyx,,,2188-1,Genus
30,Amaracarpus,shrub/subshrub,Amaracarpus,,,34123-1,Genus
31,Ambelania,tree/shrub,Ambelania,,,30003984-2,Genus
32,Ampelamus,liana/subshrub,Ampelamus,,,316972-2,Genus
33,Amphiasma,shrub/subshrub,Amphiasma,,,34129-1,Genus
34,Amphidasya,subshrub/shrub,Amphidasya,,,296620-2,Genus
35,Amphineurion,liana,Amphineurion,,,2193-1,Genus
36,Amphistemon,subshrub,Amphistemon,,,77107060-1,Genus
37,Amsonia,herb,Amsonia,,,2194-1,Genus
38,Ancylobothrys,liana,Ancylobothrys,,,2198-1,Genus
39,Anechites,liana,Anechites,,,2200-1,Genus
40,Anemotrochus,liana/shrub/subshrub,Anemotrochus,,,77159825-1,Genus
41,Angadenia,liana,Angadenia,,,2201-1,Genus
42,Anisopus,liana,Anisopus,,,3194-1,Genus
43,Anisotoma,herb/subshrub,Anisotoma,,,3195-1,Genus
44,Anodendron,liana,Anodendron,,,2205-1,Genus
45,Antherostele,shrub/subshrub,Antherostele,,,327847-2,Genus
46,Anthorrhiza,herb/subshrub,Anthorrhiza,,,956788-1,Genus
47,Anthospermopsis,subshrub,Anthospermopsis,,,998208-1,Genus
48,Anthospermum,shrub/subshrub,Anthospermum,,,34146-1,Genus
49,Antirhea,shrub/tree,Antirhea,,,327846-2,Genus
50,Aoranthe,liana/shrub/subshrub,Aoranthe,,,925123-1,Genus
51,Aphanocarpus,subshrub/shrub,Aphanocarpus,,,297000-2,Genus
52,Apocynum,herb,Apocynum,,,2211-1,Genus
53,Appunia,shrub/subshrub/tree,Appunia,,,30087424-2,Genus
54,Apteranthes,succulent,Apteranthes,,,3206-1,Genus
55,Arachnothryx,shrub/tree,Arachnothryx,,,328092-2,Genus
56,Araujia,liana,Araujia,,,3207-1,Genus
57,Arcytophyllum,shrub,Arcytophyllum,,,34169-1,Genus
58,Argocoffeopsis,liana/shrub/subshrub,Argocoffeopsis,,,34171-1,Genus
59,Argostemma,shrub/subshrub,Argostemma,,,34173-1,Genus
60,Artia,liana,Artia,,,2215-1,Genus
61,Asclepias,herb,Asclepias,,,30005968-2,Genus
62,Asketanthera,liana,Asketanthera,,,296561-2,Genus
63,Asperula,herb,Asperula,,,331373-2,Genus
64,Aspidoglossum,herb,Aspidoglossum,,,3212-1,Genus
65,Aspidonepsis,herb,Aspidonepsis,,,970653-1,Genus
66,Aspidosperma,tree,Aspidosperma,,,2217-1,Genus
67,Astephanus,liana/subshrub,Astephanus,,,30037892-2,Genus
68,Asterostemma,liana,Asterostemma,,,3215-1,Genus
69,Atherandra,liana,Atherandra,,,3217-1,Genus
70,Atractocarpus,tree/shrub,Atractocarpus,,,34185-1,Genus
71,Atractogyne,liana,Atractogyne,,,34186-1,Genus
72,Augusta,shrub/subshrub,Augusta,,,331377-2,Genus
73,Aulacocalyx,shrub/subshrub/tree,Aulacocalyx,,,34189-1,Genus
74,Australluma,succulent,Australluma,,,986757-1,Genus
75,Badusa,tree/shrub,Badusa,,,327848-2,Genus
76,Baharuia,liana/shrub/subshrub,Baharuia,,,986035-1,Genus
77,Bahiella,liana,Bahiella,,,60443102-2,Genus
78,Baissea,liana,Baissea,,,2218-1,Genus
79,Ballyanthus,succulent,Ballyanthus,,,1019379-1,Genus
80,Balmea,tree/shrub,Balmea,,,298112-2,Genus
81,Barjonia,shrub/subshrub,Barjonia,,,3223-1,Genus
82,Baroniella,liana,Baroniella,,,3224-1,Genus
83,Baseonema,liana,Baseonema,,,3226-1,Genus
84,Batesanthus,liana,Batesanthus,,,3228-1,Genus
85,Bathysa,shrub/tree,Bathysa,,,34203-1,Genus
86,Batopedina,subshrub,Batopedina,,,34205-1,Genus
87,Baynesia,succulent,Baynesia,,,1018355-1,Genus
88,Beaumontia,liana,Beaumontia,,,2221-1,Genus
89,Belonophora,shrub/subshrub/tree,Belonophora,,,34213-1,Genus
90,Benkara,shrub/subshrub,Benkara,,,37458-1,Genus
91,Berghesia,shrub/subshrub,Berghesia,,,34216-1,Genus
92,Bertiera,shrub/tree,Bertiera,,,329744-2,Genus
93,Bikkia,shrub/subshrub/tree,Bikkia,,,34228-1,Genus
94,Blepharidium,shrub/subshrub/tree,Blepharidium,,,34234-1,Genus
95,Blepharodon,liana,Blepharodon,,,3236-1,Genus
96,Bobea,tree/shrub,Bobea,,,34237-1,Genus
97,Boholia,shrub/subshrub,Boholia,,,34238-1,Genus
98,Bothriospora,shrub/subshrub,Bothriospora,,,34245-1,Genus
99,Botryarrhena,tree/shrub,Botryarrhena,,,295957-2,Genus
100,Boucerosia,succulent,Boucerosia,,,3239-1,Genus
101,Bousigonia,liana,Bousigonia,,,2234-1,Genus
102,Bouvardia,shrub/subshrub,Bouvardia,,,30000353-2,Genus
103,Brachytome,shrub/subshrub,Brachytome,,,34248-1,Genus
104,Bradea,subshrub,Bradea,,,296047-2,Genus
105,Bremeria,tree/shrub,Bremeria,,,77065878-1,Genus
106,Brenania,tree/shrub,Brenania,,,34250-1,Genus
107,Breonadia,tree,Breonadia,,,34251-1,Genus
108,Breonia,tree,Breonia,,,34253-1,Genus
109,Bridsonia,herb/subshrub,Bridsonia,,,77177795-1,Genus
110,Buckollia,liana/shrub/subshrub,Buckollia,,,978336-1,Genus
111,Bullockia,shrub/subshrub/tree,Bullockia,,,77101424-1,Genus
112,Bungarimba,shrub/subshrub/tree,Bungarimba,,,77063586-1,Genus
113,Burchellia,tree/shrub,Burchellia,,,34265-1,Genus
114,Byrsophyllum,tree/shrub,Byrsophyllum,,,34270-1,Genus
115,Calciphila,subshrub,Calciphila,,,60446024-2,Genus
116,Callichilia,shrub/subshrub,Callichilia,,,2237-1,Genus
117,Callipeltis,herb,Callipeltis,,,34278-1,Genus
118,Calochone,liana/shrub/subshrub,Calochone,,,34279-1,Genus
119,Calocrater,subshrub/shrub,Calocrater,,,2272-1,Genus
120,Calotropis,shrub,Calotropis,,,30369062-2,Genus
121,Calycophyllum,tree,Calycophyllum,,,34281-1,Genus
122,Calycosia,shrub/subshrub/tree,Calycosia,,,34282-1,Genus
123,Calycosiphonia,shrub/subshrub/tree,Calycosiphonia,,,893034-1,Genus
124,Calyptranthera,liana/subshrub,Calyptranthera,,,988402-1,Genus
125,Cameraria,shrub/subshrub,Cameraria,,,2239-1,Genus
126,Campestigma,liana/shrub/subshrub,Campestigma,,,3252-1,Genus
127,Camptocarpus,liana/shrub/subshrub,Camptocarpus,,,331455-2,Genus
128,Canephora,tree/shrub,Canephora,,,34288-1,Genus
129,Canthium,shrub/tree,Canthium,,,34290-1,Genus
130,Canthiumera,tree/shrub,Canthiumera,,,77195139-1,Genus
131,Capirona,tree/shrub,Capirona,,,34292-1,Genus
132,Carajasia,subshrub,Carajasia,,,77146978-1,Genus
133,Caralluma,succulent,Caralluma,,,30343894-2,Genus
134,Carapichea,shrub/tree/subshrub,Carapichea,,,30206104-2,Genus
135,Carissa,shrub,Carissa,,,2243-1,Genus
136,Carpacoce,subshrub,Carpacoce,,,34299-1,Genus
137,Carphalea,shrub/subshrub/tree,Carphalea,,,34300-1,Genus
138,Carruthersia,liana,Carruthersia,,,2248-1,Genus
139,Carterella,herb,Carterella,,,30219602-2,Genus
140,Carvalhoa,shrub/subshrub/tree,Carvalhoa,,,2249-1,Genus
141,Casasia,tree/shrub,Casasia,,,34304-1,Genus
142,Cascabela,shrub,Cascabela,,,2250-1,Genus
143,Catesbaea,shrub/subshrub,Catesbaea,,,30059171-2,Genus
144,Catharanthus,subshrub,Catharanthus,,,2251-1,Genus
145,Catunaregam,shrub/tree,Catunaregam,,,34310-1,Genus
146,Caudanthera,succulent,Caudanthera,,,986774-1,Genus
147,Cephalanthus,shrub/tree,Cephalanthus,,,34312-1,Genus
148,Ceratopyxis,shrub/subshrub,Ceratopyxis,,,34318-1,Genus
149,Cerbera,shrub/subshrub/tree,Cerbera,,,60436653-2,Genus
150,Cerberiopsis,tree/shrub,Cerberiopsis,,,2253-1,Genus
151,Ceriscoides,shrub/subshrub/tree,Ceriscoides,,,1123761-2,Genus
152,Ceropegia,herb,Ceropegia,,,328162-2,Genus
153,Chaetostachydium,shrub/subshrub,Chaetostachydium,,,34324-1,Genus
154,Chalepophyllum,shrub/subshrub/tree,Chalepophyllum,,,34327-1,Genus
155,Chamaeclitandra,subshrub/shrub,Chamaeclitandra,,,2257-1,Genus
156,Chamaepentas,shrub/subshrub,Chamaepentas,,,34330-1,Genus
157,Chapelieria,shrub/subshrub/tree,Chapelieria,,,34335-1,Genus
158,Chassalia,shrub/tree/subshrub,Chassalia,,,34342-1,Genus
159,Chilocarpus,shrub,Chilocarpus,,,2260-1,Genus
160,Chimarrhis,tree,Chimarrhis,,,34349-1,Genus
161,Chiococca,shrub/tree,Chiococca,,,30010725-2,Genus
162,Chione,shrub/subshrub/tree,Chione,,,329733-2,Genus
163,Chlorocyathus,liana/herb,Chlorocyathus,,,3264-1,Genus
164,Chomelia,tree/shrub,Chomelia,,,328093-2,Genus
165,Chonemorpha,liana,Chonemorpha,,,331489-2,Genus
166,Cibirhiza,liana,Cibirhiza,,,925113-1,Genus
167,Ciliosemina,tree/shrub,Ciliosemina,,,77065716-1,Genus
168,Cinchona,shrub/subshrub,Cinchona,,,329816-2,Genus
169,Cinchonopsis,tree/shrub,Cinchonopsis,,,983791-1,Genus
170,Cionura,herb/subshrub/shrub,Cionura,,,3270-1,Genus
171,Cladoceras,herb/subshrub,Cladoceras,,,34370-1,Genus
172,Clarkella,herb,Clarkella,,,34371-1,Genus
173,Cleghornia,liana,Cleghornia,,,2264-1,Genus
174,Clitandra,liana,Clitandra,,,2266-1,Genus
175,Coccochondra,shrub/subshrub,Coccochondra,,,893533-1,Genus
176,Coccocypselum,subshrub,Coccocypselum,,,331499-2,Genus
177,Coddia,shrub/subshrub,Coddia,,,893039-1,Genus
178,Coelospermum,liana,Coelospermum,,,327850-2,Genus
179,Coffea,shrub/tree,Coffea,,,325985-2,Genus
180,Colletoecema,shrub/subshrub/tree,Colletoecema,,,34388-1,Genus
181,Condaminea,shrub/tree,Condaminea,,,34392-1,Genus
182,Condylocarpon,tree/shrub,Condylocarpon,,,328988-2,Genus
183,Conomitra,herb,Conomitra,,,3281-1,Genus
184,Conostomium,subshrub,Conostomium,,,34395-1,Genus
185,Coprosma,shrub/subshrub,Coprosma,,,34398-1,Genus
186,Coptophyllum,herb,Coptophyllum,,,331515-2,Genus
187,Coptosapelta,liana/shrub/subshrub,Coptosapelta,,,34401-1,Genus
188,Coptosperma,shrub/subshrub/tree,Coptosperma,,,34402-1,Genus
189,Cordiera,shrub/tree/subshrub,Cordiera,,,30011006-2,Genus
190,Cordylogyne,herb,Cordylogyne,,,3284-1,Genus
191,Cordylostigma,herb,Cordylostigma,,,77107951-1,Genus
192,Corynanthe,tree,Corynanthe,,,34406-1,Genus
193,Coryphothamnus,subshrub/shrub,Coryphothamnus,,,296910-2,Genus
194,Cosmibuena,shrub/tree,Cosmibuena,,,331521-2,Genus
195,Cosmocalyx,tree/shrub,Cosmocalyx,,,296914-2,Genus
196,Cosmostigma,liana,Cosmostigma,,,3287-1,Genus
197,Couma,tree/shrub,Couma,,,2277-1,Genus
198,Coussarea,shrub/subshrub/tree,Coussarea,,,34412-1,Genus
199,Coutaportla,subshrub/shrub,Coutaportla,,,296973-2,Genus
200,Coutarea,shrub/tree,Coutarea,,,34414-1,Genus
201,Coutareopsis,shrub/subshrub/tree,Coutareopsis,,,77187930-1,Genus
202,Cowiea,tree/shrub,Cowiea,,,34418-1,Genus
203,Craspidospermum,tree/shrub,Craspidospermum,,,2280-1,Genus
204,Craterispermum,shrub/tree,Craterispermum,,,34420-1,Genus
205,Cremaspora,herb/subshrub/tree/shrub,Cremaspora,,,34423-1,Genus
206,Crioceras,shrub/subshrub/tree,Crioceras,,,2281-1,Genus
207,Cristobalia,subshrub,Cristobalia,,,60473391-2,Genus
208,Crobylanthe,shrub/subshrub,Crobylanthe,,,34427-1,Genus
209,Crossopteryx,shrub/subshrub/tree,Crossopteryx,,,34430-1,Genus
210,Crucianella,subshrub,Crucianella,,,30040449-2,Genus
211,Cruciata,herb,Cruciata,,,34433-1,Genus
212,Cruckshanksia,herb,Cruckshanksia,,,331524-2,Genus
213,Crusea,herb,Crusea,,,329735-2,Genus
214,Cryptolepis,shrub/liana,Cryptolepis,,,3291-1,Genus
215,Cryptostegia,liana,Cryptostegia,,,3293-1,Genus
216,Cubanola,shrub/subshrub/tree,Cubanola,,,298249-2,Genus
217,Cuviera,shrub/subshrub/tree,Cuviera,,,331533-2,Genus
218,Cyanoneuron,subshrub/shrub,Cyanoneuron,,,1001902-1,Genus
219,Cycladenia,herb,Cycladenia,,,2285-1,Genus
220,Cyclocotyla,liana,Cyclocotyla,,,2286-1,Genus
221,Cyclophyllum,shrub/subshrub,Cyclophyllum,,,34452-1,Genus
222,Cylindropsis,liana/shrub/subshrub,Cylindropsis,,,2289-1,Genus
223,Cynanchum,liana/shrub/subshrub,Cynanchum,,,30401855-2,Genus
224,Damnacanthus,shrub/subshrub,Damnacanthus,,,34456-1,Genus
225,Danais,shrub/liana,Danais,,,34457-1,Genus
226,Debia,herb,Debia,,,77147270-1,Genus
227,Decalepis,liana,Decalepis,,,3313-1,Genus
228,Deccania,tree/shrub,Deccania,,,893278-1,Genus
229,Declieuxia,subshrub,Declieuxia,,,34464-1,Genus
230,Dendrosipanea,shrub/subshrub,Dendrosipanea,,,296724-2,Genus
231,Denscantia,liana/subshrub,Denscantia,,,20005653-1,Genus
232,Dentella,subshrub,Dentella,,,34469-1,Genus
233,Deppea,shrub/subshrub,Deppea,,,328103-2,Genus
234,Desmidorchis,succulent,Desmidorchis,,,3319-1,Genus
235,Dewevrella,liana,Dewevrella,,,2296-1,Genus
236,Dialypetalanthus,tree/shrub,Dialypetalanthus,,,296738-2,Genus
237,Dibrachionostylus,subshrub,Dibrachionostylus,,,34475-1,Genus
238,Dibridsonia,shrub/subshrub/tree,Dibridsonia,,,77195146-1,Genus
239,Dichilanthe,tree/shrub,Dichilanthe,,,34476-1,Genus
240,Dictyophleba,liana,Dictyophleba,,,2298-1,Genus
241,Didymaea,herb/subshrub,Didymaea,,,328101-2,Genus
242,Didymochlamys,subshrub,Didymochlamys,,,34482-1,Genus
243,Didymosalpinx,shrub/subshrub,Didymosalpinx,,,34485-1,Genus
244,Dimetia,subshrub/liana,Dimetia,,,34487-1,Genus
245,Diodia,herb,Diodia,,,60014714-3,Genus
246,Dioecrescis,shrub/subshrub/tree,Dioecrescis,,,893279-1,Genus
247,Dioicodendron,herb/subshrub,Dioicodendron,,,296441-2,Genus
248,Diplolepis,liana/shrub/subshrub,Diplolepis,,,30132335-2,Genus
249,Diplorhynchus,tree,Diplorhynchus,,,2301-1,Genus
250,Diplospora,tree,Diplospora,,,327853-2,Genus
251,Dirichletia,shrub/subshrub,Dirichletia,,,34501-1,Genus
252,Dischidanthus,liana,Dischidanthus,,,2303-1,Genus
253,Dischidia,liana/subshrub,Dischidia,,,3332-1,Genus
254,Dischidiopsis,liana/subshrub,Dischidia,,,3332-1,Genus
255,Discospermum,shrub/subshrub/tree,Discospermum,,,327854-2,Genus
256,Ditassa,liana/subshrub,Ditassa,,,3334-1,Genus
257,Ditrichanthus,shrub/subshrub,Ditrichanthus,,,77150862-1,Genus
258,Diyaminauclea,tree/shrub,Diyaminauclea,,,34507-1,Genus
259,Dolianthus,shrub/subshrub,Dolianthus,,,25053-1,Genus
260,Dolichodelphys,shrub/subshrub/tree,Dolichodelphys,,,34510-1,Genus
261,Dolicholobium,shrub/subshrub/tree,Dolicholobium,,,327855-2,Genus
262,Dolichometra,subshrub,Dolichometra,,,34512-1,Genus
263,Dolichopentas,subshrub/shrub,Dolichopentas,,,77086219-1,Genus
264,Dolichopetalum,liana,Dolichopetalum,,,3337-1,Genus
265,Donnellyanthus,shrub/subshrub,Donnellyanthus,,,77115776-1,Genus
266,Dregea,liana,Dregea,,,331574-2,Genus
267,Duidania,shrub/subshrub/tree,Duidania,,,297173-2,Genus
268,Dunnia,shrub/subshrub,Dunnia,,,34525-1,Genus
269,Duperrea,shrub/subshrub/tree,Duperrea,,,34526-1,Genus
270,Duroia,tree,Duroia,,,327394-2,Genus
271,Durringtonia,herb,Durringtonia,,,893447-1,Genus
272,Duvalia,succulent,Duvalia,,,3343-1,Genus
273,Duvaliandra,succulent,Duvaliandra,,,3344-1,Genus
274,Duvaliaranthus,succulent,× Duvaliaranthus,,,3345-1,Genus
275,Dyera,tree,Dyera,,,2308-1,Genus
276,Echidnopsis,succulent,Echidnopsis,,,3347-1,Genus
277,Echites,liana,Echites,,,30002973-2,Genus
278,Ectadium,subshrub/shrub,Ectadium,,,3350-1,Genus
279,Ecua,liana,Ecua,,,989505-1,Genus
280,Edithcolea,succulent,Edithcolea,,,3352-1,Genus
281,Edrastima,herb/subshrub,Edrastima,,,60467433-2,Genus
282,Eizia,subshrub/shrub,Eizia,,,298263-2,Genus
283,Elaeagia,tree,Elaeagia,,,30043270-2,Genus
284,Elytropus,liana,Elytropus,,,2317-1,Genus
285,Emicocarpus,herb,Emicocarpus,,,3356-1,Genus
286,Emmenopterys,shrub,Emmenopterys,,,34549-1,Genus
287,Emmeorhiza,liana/shrub/subshrub,Emmeorhiza,,,34550-1,Genus
288,Emplectanthus,liana/subshrub,Emplectanthus,,,3357-1,Genus
289,Empogona,shrub/subshrub/tree,Empogona,,,34552-1,Genus
290,Eosanthe,shrub/subshrub/tree,Eosanthe,,,295451-2,Genus
291,Ephippiocarpa,shrub/subshrub,Ephippiocarpa,,,2319-1,Genus
292,Epigynum,liana,Epigynum,,,2321-1,Genus
293,Epistemma,liana/shrub/subshrub,Epistemma,,,893162-1,Genus
294,Eriosemopsis,herb/subshrub,Eriosemopsis,,,34565-1,Genus
295,Erithalis,shrub/subshrub/tree,Erithalis,,,327126-2,Genus
296,Ernodea,shrub/subshrub,Ernodea,,,327128-2,Genus
297,Euclinia,shrub/subshrub/tree,Euclinia,,,34576-1,Genus
298,Eucorymbia,liana,Eucorymbia,,,2325-1,Genus
299,Eumachia,shrub,Eumachia,,,34578-1,Genus
300,Eustegia,herb,Eustegia,,,3363-1,Genus
301,Everistia,shrub/subshrub/tree,Everistia,,,1007226-1,Genus
302,Exallage,shrub,Exallage,,,34589-1,Genus
303,Exallosperma,shrub/subshrub,Exallosperma,,,77178881-1,Genus
304,Exostema,shrub/tree,Exostema,,,1057956-2,Genus
305,Fadogia,subshrub,Fadogia,,,34596-1,Genus
306,Fadogiella,shrub,Fadogiella,,,34597-1,Genus
307,Fanninia,herb,Fanninia,,,3368-1,Genus
308,Faramea,shrub/subshrub/tree,Faramea,,,34600-1,Genus
309,Farquharia,liana,Farquharia,,,2329-1,Genus
310,Ferdinandusa,tree/shrub,Ferdinandusa,,,34602-1,Genus
311,Feretia,shrub/subshrub/tree,Feretia,,,34605-1,Genus
312,Fergusonia,herb/subshrub,Fergusonia,,,34606-1,Genus
313,Fernelia,shrub/subshrub,Fernelia,,,34607-1,Genus
314,Finlaysonia,liana,Finlaysonia,,,3370-1,Genus
315,Fischeria,liana,Fischeria,,,30025794-2,Genus
316,Flagenium,shrub/subshrub/tree,Flagenium,,,34611-1,Genus
317,Flexanthera,tree/shrub,Flexanthera,,,295370-2,Genus
318,Fockea,liana/herb,Fockea,,,3373-1,Genus
319,Foonchewia,shrub/subshrub,Foonchewia,,,77161514-1,Genus
320,Forsteronia,liana,Forsteronia,,,328996-2,Genus
321,Fosbergia,tree/shrub,Fosbergia,,,996473-1,Genus
322,Funastrum,liana/subshrub,Funastrum,,,3376-1,Genus
323,Funtumia,tree,Funtumia,,,295871-2,Genus
324,Gaertnera,shrub/subshrub/tree,Gaertnera,,,331617-2,Genus
325,Galactophora,shrub/subshrub,Galactophora,,,295864-2,Genus
326,Galianthe,shrub/subshrub/liana,Galianthe,,,34622-1,Genus
327,Galiasperula,herb,× Galiasperula,,,34623-1,Genus
328,Galiniera,shrub/tree,Galiniera,,,34624-1,Genus
329,Galium,subshrub,Galium,,,325955-2,Genus
330,Gallienia,shrub/subshrub,Gallienia,,,34628-1,Genus
331,Galopina,herb/subshrub,Galopina,,,34632-1,Genus
332,Ganguelia,subshrub,Ganguelia,,,988633-1,Genus
333,Gardenia,shrub,Gardenia,,,331627-2,Genus
334,Gardeniopsis,shrub/subshrub/tree,Gardeniopsis,,,34639-1,Genus
335,Geissospermum,tree,Geissospermum,,,2340-1,Genus
336,Genianthus,liana/subshrub,Genianthus,,,3377-1,Genus
337,Genipa,shrub/tree,Genipa,,,34640-1,Genus
338,Gentingia,shrub/subshrub/tree,Gentingia,,,925148-1,Genus
339,Geophila,subshrub,Geophila,,,331623-2,Genus
340,Gillespiea,shrub/subshrub/tree,Gillespiea,,,34647-1,Genus
341,Gleasonia,tree/shrub,Gleasonia,,,297333-2,Genus
342,Glionnetia,tree/shrub,Glionnetia,,,893372-1,Genus
343,Globulostylis,shrub/subshrub/tree,Globulostylis,,,34649-1,Genus
344,Glossostelma,herb,Glossostelma,,,3381-1,Genus
345,Glossostipula,tree/shrub,Glossostipula,,,925008-1,Genus
346,Gomphocalyx,herb,Gomphocalyx,,,294735-2,Genus
347,Gomphocarpus,shrub,Gomphocarpus,,,30051534-2,Genus
348,Gongronema,liana,Gongronema,,,3384-1,Genus
349,Gonioma,shrub,Gonioma,,,2342-1,Genus
350,Goniostemma,liana/shrub/subshrub,Goniostemma,,,3387-1,Genus
351,Gonolobus,liana/subshrub,Gonolobus,,,30002727-2,Genus
352,Gonzalagunia,shrub/tree,Gonzalagunia,,,34659-1,Genus
353,Greenea,tree/shrub,Greenea,,,34662-1,Genus
354,Greeniopsis,tree/shrub,Greeniopsis,,,327857-2,Genus
355,Guettarda,shrub/tree,Guettarda,,,34671-1,Genus
356,Guihaiothamnus,subshrub,Guihaiothamnus,,,1007331-1,Genus
357,Gunnessia,liana,Gunnessia,,,925292-1,Genus
358,Gymnanthera,liana/shrub/subshrub,Gymnanthera,,,3397-1,Genus
359,Gymnema,liana,Gymnema,,,3398-1,Genus
360,Gynochthodes,liana,Gynochthodes,,,34676-1,Genus
361,Gyrostelma,subshrub,Gyrostelma,,,3401-1,Genus
362,Gyrostipula,tree,Gyrostipula,,,34679-1,Genus
363,Habroneuron,liana/shrub/subshrub,Habroneuron,,,298236-2,Genus
364,Hamelia,shrub/tree,Hamelia,,,34686-1,Genus
365,Hancornia,tree,Hancornia,,,328990-2,Genus
366,Haplophyton,subshrub,Haplophyton,,,2356-1,Genus
367,Hedstromia,tree/shrub,Hedstromia,,,34692-1,Genus
368,Hedyotis,subshrub,Hedyotis,,,30001807-2,Genus
369,Hedythyrsus,herb,Hedythyrsus,,,34695-1,Genus
370,Heinsenia,shrub/subshrub/tree,Heinsenia,,,34696-1,Genus
371,Heinsia,shrub/subshrub/tree,Heinsia,,,34697-1,Genus
372,Hekistocarpa,subshrub,Hekistocarpa,,,34698-1,Genus
373,Hemidesmus,liana,Hemidesmus,,,3409-1,Genus
374,Hemipogon,subshrub,Hemipogon,,,3410-1,Genus
375,Henriquezia,tree/shrub,Henriquezia,,,34704-1,Genus
376,Heterophyllaea,shrub/subshrub,Heterophyllaea,,,34705-1,Genus
377,Heterostemma,liana,Heterostemma,,,3412-1,Genus
378,Hexasepalum,subshrub/liana,Hexasepalum,,,34707-1,Genus
379,Heynella,subshrub,Heynella,,,3415-1,Genus
380,Hiepia,herb/subshrub,Hoya,,,60437256-2,Genus
381,Hillia,shrub/subshrub/tree,Hillia,,,30000270-2,Genus
382,Himalrandia,subshrub,Himalrandia,,,34716-1,Genus
383,Himatanthus,shrub,Himatanthus,,,30058664-2,Genus
384,Hindsia,shrub/subshrub,Hindsia,,,34717-1,Genus
385,Hintonia,shrub/subshrub/tree,Hintonia,,,297578-2,Genus
386,Hippotis,shrub/subshrub/tree,Hippotis,,,34719-1,Genus
387,Hodgkinsonia,tree/shrub,Hodgkinsonia,,,34721-1,Genus
388,Hoffmannia,shrub,Hoffmannia,,,34722-1,Genus
389,Holarrhena,tree,Holarrhena,,,2371-1,Genus
390,Holstianthus,shrub/subshrub,Holstianthus,,,924980-1,Genus
391,Homollea,shrub/subshrub,Homollea,,,34730-1,Genus
392,Hoodia,succulent,Hoodia,,,3425-1,Genus
393,Hoodiapelia,succulent,× Hoodiapelia,,,3427-1,Genus
394,Hoodiorbea,succulent,× Hoodiorbea,,,60435757-2,Genus
395,Hoodiotriche,succulent,× Hoodiotriche,,,60435759-2,Genus
396,Houstonia,subshrub,Houstonia,,,30006515-2,Genus
397,Hoya,liana,Hoya,,,60437256-2,Genus
398,Huernia,succulent,Huernia,,,3432-1,Genus
399,Hunteria,tree,Hunteria,,,2377-1,Genus
400,Hutchinsonia,shrub/subshrub,Hutchinsonia,,,34736-1,Genus
401,Hydnophytum,liana,Hydnophytum,,,34737-1,Genus
402,Hydrophylax,subshrub,Hydrophylax,,,34738-1,Genus
403,Hylaea,tree/shrub,Hylaea,,,1006671-1,Genus
404,Hymenocoleus,subshrub,Hymenocoleus,,,34745-1,Genus
405,Hymenodictyon,tree/shrub,Hymenodictyon,,,327858-2,Genus
406,Hyperacanthus,shrub/subshrub/tree,Hyperacanthus,,,893455-1,Genus
407,Hypobathrum,shrub/subshrub,Hypobathrum,,,34753-1,Genus
408,Hypolobus,liana/subshrub,Hypolobus,,,3440-1,Genus
409,Hyptianthera,shrub/subshrub/tree,Hyptianthera,,,34755-1,Genus
410,Ibatia,liana,Ibatia,,,3441-1,Genus
411,Ichnocarpus,liana,Ichnocarpus,,,331670-2,Genus
412,Involucrella,subshrub,Involucrella,,,77147288-1,Genus
413,Ischnolepis,liana,Ischnolepis,,,3445-1,Genus
414,Isertia,shrub/tree,Isertia,,,34762-1,Genus
415,Isidorea,shrub/subshrub,Isidorea,,,34764-1,Genus
416,Isonema,herb/subshrub,Isonema,,,2382-1,Genus
417,Ixodonerium,liana,Ixodonerium,,,2383-1,Genus
418,Ixora,shrub/tree,Ixora,,,30043713-2,Genus
419,Jackiopsis,tree/shrub,Jackiopsis,,,34768-1,Genus
420,Janotia,tree/shrub,Janotia,,,34770-1,Genus
421,Jasminanthes,liana,Jasminanthes,,,3449-1,Genus
422,Jobinia,liana/subshrub,Jobinia,,,3451-1,Genus
423,Joosia,shrub/tree,Joosia,,,34774-1,Genus
424,Jovetia,subshrub/shrub,Jovetia,,,34775-1,Genus
425,Kadua,subshrub,Kadua,,,34778-1,Genus
426,Kailarsenia,shrub/subshrub,Kailarsenia,,,893299-1,Genus
427,Kajewskiella,shrub/subshrub/tree,Kajewskiella,,,34779-1,Genus
428,Kamettia,liana,Kamettia,,,2387-1,Genus
429,Kanahia,subshrub,Kanahia,,,3453-1,Genus
430,Kanapia,herb/subshrub,Kanapia,,,77165499-1,Genus
431,Keetia,shrub/liana,Keetia,,,326034-2,Genus
432,Kelloggia,herb,Kelloggia,,,34784-1,Genus
433,Kerianthera,tree/shrub,Kerianthera,,,893461-1,Genus
434,Khasiaclunea,shrub,Khasiaclunea,,,34786-1,Genus
435,Kibatalia,tree/shrub,Kibatalia,,,2390-1,Genus
436,Klossia,subshrub,Klossia,,,34788-1,Genus
437,Knoxia,subshrub,Knoxia,,,327859-2,Genus
438,Kochummenia,shrub/subshrub/tree,Kochummenia,,,893380-1,Genus
439,Kohautia,subshrub,Kohautia,,,331685-2,Genus
440,Kopsia,tree,Kopsia,,,328837-2,Genus
441,Kraussia,shrub/subshrub/tree,Kraussia,,,34794-1,Genus
442,Kupeantha,shrub/subshrub,Kupeantha,,,60476503-2,Genus
443,Kutchubaea,tree/shrub,Kutchubaea,,,30043141-2,Genus
444,Lachnostoma,liana,Lachnostoma,,,3460-1,Genus
445,Lacmellea,tree/shrub,Lacmellea,,,30059164-2,Genus
446,Ladenbergia,tree,Ladenbergia,,,34802-1,Genus
447,Lamprothamnus,shrub/subshrub/tree,Lamprothamnus,,,34805-1,Genus
448,Landiopsis,tree/shrub,Landiopsis,,,1002198-1,Genus
449,Landolphia,liana,Landolphia,,,331696-2,Genus
450,Larryleachia,succulent,Larryleachia,,,995318-1,Genus
451,Larsenaikia,shrub/subshrub,Larsenaikia,,,972408-1,Genus
452,Lasianthus,shrub/subshrub,Lasianthus,,,331701-2,Genus
453,Lathraeocarpa,subshrub,Lathraeocarpa,,,34811-1,Genus
454,Laubertia,liana,Laubertia,,,2403-1,Genus
455,Lavrania,succulent,Lavrania,,,924962-1,Genus
456,Laxoplumeria,tree/shrub,Laxoplumeria,,,294718-2,Genus
457,Lecananthus,liana,Lecananthus,,,34818-1,Genus
458,Lelya,subshrub,Lelya,,,77126884-1,Genus
459,Lemyrea,tree/shrub,Lemyrea,,,1156627-2,Genus
460,Lepinia,tree/shrub,Lepinia,,,2406-1,Genus
461,Lepiniopsis,shrub/subshrub,Lepiniopsis,,,2407-1,Genus
462,Leptactina,shrub/subshrub/tree,Leptactina,,,34827-1,Genus
463,Leptadenia,liana,Leptadenia,,,3469-1,Genus
464,Leptodermis,shrub/subshrub,Leptodermis,,,34830-1,Genus
465,Leptomischus,herb,Leptomischus,,,34831-1,Genus
466,Leptopetalum,subshrub/shrub,Leptopetalum,,,34832-1,Genus
467,Leptoscela,herb,Leptoscela,,,34834-1,Genus
468,Leptostigma,subshrub,Leptostigma,,,34836-1,Genus
469,Lerchea,shrub,Lerchea,,,331710-2,Genus
470,Leucocodon,liana,Leucocodon,,,34841-1,Genus
471,Leucolophus,shrub/subshrub,Leucolophus,,,34842-1,Genus
472,Leuconotis,liana,Leuconotis,,,2410-1,Genus
473,Limnosipanea,herb,Limnosipanea,,,34844-1,Genus
474,Luculia,shrub/subshrub/tree,Luculia,,,34855-1,Genus
475,Lucya,herb,Lucya,,,331734-2,Genus
476,Lygisma,liana,Lygisma,,,3479-1,Genus
477,Macbrideina,tree/shrub,Macbrideina,,,295623-2,Genus
478,Machaonia,shrub/subshrub,Machaonia,,,34864-1,Genus
479,Macoubea,tree/shrub,Macoubea,,,2415-1,Genus
480,Macrocnemum,tree/shrub,Macrocnemum,,,34867-1,Genus
481,Macropharynx,liana,Macropharynx,,,295631-2,Genus
482,Macroscepis,liana,Macroscepis,,,3485-1,Genus
483,Macrosphyra,herb/subshrub,Macrosphyra,,,34870-1,Genus
484,Maguireocharis,shrub/subshrub/tree,Maguireocharis,,,296784-2,Genus
485,Maguireothamnus,shrub/subshrub,Maguireothamnus,,,296794-2,Genus
486,Malanea,liana/shrub/subshrub,Malanea,,,34873-1,Genus
487,Malouetia,tree/shrub,Malouetia,,,2420-1,Genus
488,Mandevilla,liana,Mandevilla,,,328998-2,Genus
489,Manettia,liana/subshrub,Manettia,,,331752-2,Genus
490,Manostachya,subshrub,Manostachya,,,34878-1,Genus
491,Manothrix,liana,Manothrix,,,2424-1,Genus
492,Mantalania,tree/shrub,Mantalania,,,34879-1,Genus
493,Margaretta,herb,Margaretta,,,3493-1,Genus
494,Marsdenia,shrub/liana,Marsdenia,,,331758-2,Genus
495,Martensianthus,herb,Martensianthus,,,77111063-1,Genus
496,Mascarenhasia,shrub/subshrub/tree,Mascarenhasia,,,2425-1,Genus
497,Maschalodesme,shrub/subshrub,Maschalodesme,,,34891-1,Genus
498,Massularia,shrub/subshrub/tree,Massularia,,,34892-1,Genus
499,Mastixiodendron,tree/shrub,Mastixiodendron,,,12091-1,Genus
500,Matelea,liana,Matelea,,,30001048-2,Genus
501,Mazaea,shrub/subshrub,Mazaea,,,34899-1,Genus
502,Melanopsidium,shrub/subshrub/tree,Melanopsidium,,,34905-1,Genus
503,Melanoxerus,shrub/subshrub/tree,Melanoxerus,,,77142432-1,Genus
504,Melodinus,liana,Melodinus,,,2428-1,Genus
505,Mericarpaea,herb,Mericarpaea,,,34910-1,Genus
506,Merumea,shrub/subshrub,Merumea,,,297513-2,Genus
507,Mesechites,liana,Mesechites,,,328983-2,Genus
508,Metastelma,liana,Metastelma,,,30384004-2,Genus
509,Mexotis,herb,Mexotis,,,77103406-1,Genus
510,Meyna,shrub/tree,Meyna,,,34918-1,Genus
511,Micrasepalum,subshrub,Micrasepalum,,,297550-2,Genus
512,Micrechites,liana,Micrechites,,,2435-1,Genus
513,Microloma,subshrub/shrub,Microloma,,,3510-1,Genus
514,Microphysa,herb,Microphysa,,,34921-1,Genus
515,Microplumeria,shrub/subshrub/tree,Microplumeria,,,297566-2,Genus
516,Minaria,subshrub,Minaria,,,77074582-1,Genus
517,Miraglossum,herb,Miraglossum,,,893392-1,Genus
518,Mitchella,subshrub,Mitchella,,,34924-1,Genus
519,Mitracarpus,subshrub,Mitracarpus,,,30004750-2,Genus
520,Mitragyna,tree,Mitragyna,,,327864-2,Genus
521,Mitrasacmopsis,herb,Mitrasacmopsis,,,25094-1,Genus
522,Mitriostigma,shrub/subshrub,Mitriostigma,,,34932-1,Genus
523,Molongum,tree/shrub,Molongum,,,2439-1,Genus
524,Molopanthera,tree/shrub,Molopanthera,,,34934-1,Genus
525,Mondia,liana,Mondia,,,3516-1,Genus
526,Monolluma,succulent,Monolluma,,,986816-1,Genus
527,Monosalpinx,shrub/subshrub,Monosalpinx,,,34936-1,Genus
528,Monsanima,liana/subshrub,Monsanima,,,77132633-1,Genus
529,Morelia,shrub/subshrub/tree,Morelia,,,34939-1,Genus
530,Morilloa,liana/subshrub,Morilloa,,,77147475-1,Genus
531,Morinda,shrub/subshrub/tree,Morinda,,,34941-1,Genus
532,Morindopsis,shrub/subshrub,Morindopsis,,,34942-1,Genus
533,Mortoniella,tree/shrub,Mortoniella,,,295062-2,Genus
534,Motandra,liana,Motandra,,,2442-1,Genus
535,Motleyia,tree/shrub,Motleyia,,,925024-1,Genus
536,Motleyothamnus,subshrub/shrub,Motleyothamnus,,,77187935-1,Genus
537,Mouretia,subshrub,Mouretia,,,34943-1,Genus
538,Mucoa,tree/shrub,Mucoa,,,925109-1,Genus
539,Multidentia,shrub/subshrub/tree,Multidentia,,,34944-1,Genus
540,Mussaenda,shrub/liana,Mussaenda,,,327866-2,Genus
541,Mussaendopsis,tree/shrub,Mussaendopsis,,,34947-1,Genus
542,Mycetia,subshrub/shrub,Mycetia,,,34949-1,Genus
543,Myriopteron,liana,Myriopteron,,,3521-1,Genus
544,Myrmecodia,herb/subshrub,Myrmecodia,,,34952-1,Genus
545,Myrmeconauclea,shrub,Myrmeconauclea,,,327868-2,Genus
546,Myrmephytum,subshrub,Myrmephytum,,,327869-2,Genus
547,Nargedia,shrub/subshrub/tree,Nargedia,,,34963-1,Genus
548,Nauclea,tree,Nauclea,,,327870-2,Genus
549,Neanotis,subshrub/liana,Neanotis,,,34968-1,Genus
550,Neblinathamnus,subshrub/shrub,Neblinathamnus,,,295039-2,Genus
551,Nematostylis,subshrub/shrub,Nematostylis,,,34972-1,Genus
552,Nenax,subshrub,Nenax,,,34974-1,Genus
553,Neobertiera,subshrub/shrub,Neobertiera,,,295313-2,Genus
554,Neoblakea,shrub/subshrub,Neoblakea,,,295309-2,Genus
555,Neobracea,shrub/subshrub/tree,Neobracea,,,325408-2,Genus
556,Neocouma,tree/shrub,Neocouma,,,295333-2,Genus
557,Neohymenopogon,shrub/subshrub,Neohymenopogon,,,893518-1,Genus
558,Neolamarckia,tree,Neolamarckia,,,893396-1,Genus
559,Neomussaenda,shrub/subshrub,Neomussaenda,,,980452-1,Genus
560,Neonauclea,tree,Neonauclea,,,327872-2,Genus
561,Neoschumannia,liana,Neoschumannia,,,3527-1,Genus
562,Nephradenia,liana,Nephradenia,,,30056552-2,Genus
563,Nerium,shrub/subshrub/tree,Nerium,,,30305280-2,Genus
564,Nernstia,shrub/subshrub,Nernstia,,,295302-2,Genus
565,Nertera,subshrub,Nertera,,,331802-2,Genus
566,Nesohedyotis,shrub/subshrub,Nesohedyotis,,,34994-1,Genus
567,Neurocalyx,herb/subshrub,Neurocalyx,,,34996-1,Genus
568,Nichallea,shrub/subshrub,Nichallea,,,34998-1,Genus
569,Nodocarpaea,subshrub,Nodocarpaea,,,35000-1,Genus
570,Normandia,shrub/subshrub/tree,Normandia,,,35003-1,Genus
571,Nostolachma,shrub/subshrub,Nostolachma,,,35004-1,Genus
572,Notechidnopsis,succulent,Notechidnopsis,,,893471-1,Genus
573,Notopleura,subshrub/shrub,Notopleura,,,35007-1,Genus
574,Ochreinauclea,shrub,Ochreinauclea,,,35011-1,Genus
575,Ochrosia,tree,Ochrosia,,,2461-1,Genus
576,Octotropis,shrub/subshrub/tree,Octotropis,,,35015-1,Genus
577,Odontadenia,liana,Odontadenia,,,2465-1,Genus
578,Oldenlandia,subshrub,Oldenlandia,,,30014644-2,Genus
579,Oldenlandiopsis,subshrub,Oldenlandiopsis,,,925301-1,Genus
580,Oligocodon,liana/shrub/subshrub,Oligocodon,,,35019-1,Genus
581,Omiltemia,shrub/subshrub,Omiltemia,,,35022-1,Genus
582,Oncinema,liana,Oncinema,,,3542-1,Genus
583,Oncinotis,liana,Oncinotis,,,2469-1,Genus
584,Opercularia,herb,Opercularia,,,35023-1,Genus
585,Ophionella,succulent,Ophionella,,,893082-1,Genus
586,Ophiorrhiza,subshrub,Ophiorrhiza,,,30280723-2,Genus
587,Orbea,succulent,Orbea,,,3544-1,Genus
588,Orbelia,succulent,× Orbelia,,,893008-1,Genus
589,Oreopolus,subshrub,Oreopolus,,,35028-1,Genus
590,Oreosparte,liana/herb/subshrub,Oreosparte,,,3547-1,Genus
591,Orthanthera,subshrub,Orthanthera,,,3548-1,Genus
592,Orthopichonia,liana,Orthopichonia,,,2476-1,Genus
593,Orthosia,liana/subshrub,Orthosia,,,30027037-2,Genus
594,Osa,tree/shrub,Osa,,,35031-1,Genus
595,Otiophora,subshrub,Otiophora,,,35032-1,Genus
596,Otomeria,subshrub,Otomeria,,,35035-1,Genus
597,Ottoschmidtia,shrub/subshrub,Ottoschmidtia,,,296872-2,Genus
598,Oxyanthus,shrub/subshrub/tree,Oxyanthus,,,35041-1,Genus
599,Oxyceros,liana,Oxyceros,,,327874-2,Genus
600,Oxypetalum,herb,Oxypetalum,,,331823-2,Genus
601,Oxystelma,liana/subshrub,Oxystelma,,,30086246-2,Genus
602,Pachycarpus,herb,Pachycarpus,,,3560-1,Genus
603,Pachypodium,succulent/herb/tree,Pachypodium,,,30028643-2,Genus
604,Pachystylus,shrub/subshrub/tree,Pachystylus,,,35046-1,Genus
605,Pacouria,liana,Pacouria,,,2481-1,Genus
606,Paederia,liana,Paederia,,,35047-1,Genus
607,Pagamea,tree/shrub,Pagamea,,,25107-1,Genus
608,Pagameopsis,shrub/subshrub,Pagameopsis,,,296881-2,Genus
609,Palicourea,shrub/tree/subshrub,Palicourea,,,30000890-2,Genus
610,Papuechites,liana,Papuechites,,,2487-1,Genus
611,Paracarphalea,shrub/subshrub/tree,Paracarphalea,,,77155726-1,Genus
612,Paracephaelis,shrub/subshrub,Paracephaelis,,,35059-1,Genus
613,Parachimarrhis,tree/shrub,Parachimarrhis,,,296935-2,Genus
614,Paracorynanthe,tree/shrub,Paracorynanthe,,,35062-1,Genus
615,Paragenipa,shrub/subshrub/tree,Paragenipa,,,35064-1,Genus
616,Parahancornia,tree/shrub,Parahancornia,,,2490-1,Genus
617,Paraknoxia,herb,Paraknoxia,,,35066-1,Genus
618,Paralasianthus,shrub/subshrub,Paralasianthus,,,77145947-1,Genus
619,Parapentas,subshrub,Parapentas,,,35067-1,Genus
620,Parepigynum,liana,Parepigynum,,,2498-1,Genus
621,Parsonsia,liana,Parsonsia,,,331830-2,Genus
622,Patima,shrub/subshrub,Patima,,,35071-1,Genus
623,Pattalias,herb/subshrub,Pattalias,,,296829-2,Genus
624,Pauridiantha,shrub/subshrub/tree,Pauridiantha,,,35073-1,Genus
625,Pavetta,shrub/tree,Pavetta,,,327877-2,Genus
626,Payera,shrub/subshrub/tree,Payera,,,331833-2,Genus
627,Pectinaria,succulent,Pectinaria,,,331834-2,Genus
628,Pentacyphus,liana,Pentacyphus,,,295216-2,Genus
629,Pentagonia,shrub/tree,Pentagonia,,,35086-1,Genus
630,Pentalinon,liana,Pentalinon,,,2502-1,Genus
631,Pentaloncha,subshrub,Pentaloncha,,,35087-1,Genus
632,Pentanisia,subshrub,Pentanisia,,,35088-1,Genus
633,Pentanopsis,shrub/subshrub,Pentanopsis,,,35089-1,Genus
634,Pentas,subshrub/shrub,Pentas,,,35090-1,Genus
635,Pentasachme,herb,Pentasacme,,,3578-1,Genus
636,Pentatropis,liana/subshrub,Pentatropis,,,80546-3,Genus
637,Pentodon,herb/subshrub,Pentodon,,,35091-1,Genus
638,Pentopetia,subshrub,Pentopetia,,,3582-1,Genus
639,Peplonia,liana/subshrub,Peplonia,,,3584-1,Genus
640,Peponidium,tree/shrub,Peponidium,,,35092-1,Genus
641,Perakanthus,shrub/subshrub/tree,Perakanthus,,,35093-1,Genus
642,Perama,herb,Perama,,,35095-1,Genus
643,Pergularia,liana,Pergularia,,,3585-1,Genus
644,Periglossum,herb,Periglossum,,,3587-1,Genus
645,Periploca,shrub/liana,Periploca,,,3588-1,Genus
646,Pervillaea,liana,Pervillaea,,,3590-1,Genus
647,Petalostelma,liana,Petalostelma,,,3592-1,Genus
648,Petchia,shrub/subshrub/tree,Petchia,,,2508-1,Genus
649,Petitiocodon,shrub/subshrub/tree,Petitiocodon,,,925124-1,Genus
650,Phaeostemma,liana,Phaeostemma,,,3595-1,Genus
651,Phellocalyx,shrub/subshrub/tree,Phellocalyx,,,35106-1,Genus
652,Pherotrichis,herb,Pherotrichis,,,30242827-2,Genus
653,Phialanthus,tree/shrub,Phialanthus,,,35107-1,Genus
654,Phialiphora,subshrub,Phialiphora,,,77109496-1,Genus
655,Philibertia,liana/subshrub,Philibertia,,,3599-1,Genus
656,Phuopsis,subshrub,Phuopsis,,,35110-1,Genus
657,Phyllanthera,liana,Phyllanthera,,,3600-1,Genus
658,Phyllis,subshrub/shrub,Phyllis,,,35113-1,Genus
659,Phyllocrater,subshrub,Phyllocrater,,,35114-1,Genus
660,Phyllomelia,shrub/subshrub/tree,Phyllomelia,,,35115-1,Genus
661,Phyllopentas,shrub/subshrub,Phyllopentas,,,77086228-1,Genus
662,Phylohydrax,subshrub,Phylohydrax,,,925007-1,Genus
663,Piaranthus,succulent,Piaranthus,,,3603-1,Genus
664,Picardaea,shrub/subshrub/tree,Picardaea,,,295229-2,Genus
665,Picralima,tree,Picralima,,,2513-1,Genus
666,Pimentelia,shrub/subshrub/tree,Pimentelia,,,35119-1,Genus
667,Pinarophyllon,herb,Pinarophyllon,,,289383-2,Genus
668,Pinckneya,shrub/subshrub/tree,Pinckneya,,,35122-1,Genus
669,Pinochia,liana,Pinochia,,,77084114-1,Genus
670,Pitardella,shrub/subshrub/tree,Pitardella,,,20012643-1,Genus
671,Pittoniotis,shrub/subshrub/tree,Pittoniotis,,,35127-1,Genus
672,Placocarpa,shrub/subshrub,Placocarpa,,,35128-1,Genus
673,Planaltina,subshrub/shrub,Planaltina,,,77113910-1,Genus
674,Platycarpum,tree/shrub,Platycarpum,,,35136-1,Genus
675,Plectaneia,liana,Plectaneia,,,2515-1,Genus
676,Plectroniella,shrub/subshrub/tree,Plectroniella,,,35139-1,Genus
677,Pleiocarpa,tree,Pleiocarpa,,,2516-1,Genus
678,Pleioceras,herb/subshrub,Pleioceras,,,2517-1,Genus
679,Pleiocoryne,shrub/subshrub,Pleiocoryne,,,893568-1,Genus
680,Plocama,subshrub,Plocama,,,35148-1,Genus
681,Plocaniophyllon,shrub/subshrub,Plocaniophyllon,,,289414-2,Genus
682,Plumeria,tree,Plumeria,,,30001863-2,Genus
683,Pogonopus,shrub/tree,Pogonopus,,,35155-1,Genus
684,Polysphaeria,shrub/subshrub/tree,Polysphaeria,,,35164-1,Genus
685,Polystemma,liana/subshrub,Polystemma,,,30266778-2,Genus
686,Polyura,subshrub,Polyura,,,35165-1,Genus
687,Pomax,herb/subshrub,Pomax,,,35169-1,Genus
688,Porterandia,tree/shrub,Porterandia,,,35172-1,Genus
689,Portlandia,shrub/subshrub/tree,Portlandia,,,329811-2,Genus
690,Posoqueria,shrub/tree,Posoqueria,,,35176-1,Genus
691,Pottsia,liana,Pottsia,,,2528-1,Genus
692,Pouchetia,shrub/subshrub/tree,Pouchetia,,,35180-1,Genus
693,Praravinia,tree/shrub,Praravinia,,,35182-1,Genus
694,Prestonia,liana,Prestonia,,,329000-2,Genus
695,Preussiodora,shrub/subshrub,Preussiodora,,,35185-1,Genus
696,Prismatomeris,shrub/subshrub/tree,Prismatomeris,,,327883-2,Genus
697,Pruskortizia,liana,Pruskortizia,,,60473388-2,Genus
698,Pseudaidia,shrub/subshrub,Pseudaidia,,,925012-1,Genus
699,Pseudocoptosperma,shrub/subshrub,Pseudocoptosperma,,,77178886-1,Genus
700,Pseudogalium,herb,Pseudogalium,,,77194055-1,Genus
701,Pseudolachnostoma,herb/subshrub,Pseudolachnostoma,,,77129406-1,Genus
702,Pseudolithos,succulent,Pseudolithos,,,326033-2,Genus
703,Pseudomantalania,tree/shrub,Pseudomantalania,,,35200-1,Genus
704,Pseudomiltemia,shrub/subshrub/tree,Pseudomiltemia,,,60435720-2,Genus
705,Pseudomussaenda,shrub/subshrub,Pseudomussaenda,,,35201-1,Genus
706,Pseudonesohedyotis,subshrub/shrub,Pseudonesohedyotis,,,35202-1,Genus
707,Pseudopyxis,herb/subshrub,Pseudopyxis,,,35204-1,Genus
708,Psychotria,shrub/tree/subshrub,Psychotria,,,326020-2,Genus
709,Psydrax,shrub/tree,Psydrax,,,35218-1,Genus
710,Psyllocarpus,subshrub,Psyllocarpus,,,35219-1,Genus
711,Pteralyxia,tree/shrub,Pteralyxia,,,2534-1,Genus
712,Pteridocalyx,shrub/subshrub,Pteridocalyx,,,295499-2,Genus
713,Ptycanthera,liana/shrub/subshrub,Ptycanthera,,,3634-1,Genus
714,Pubistylus,shrub/subshrub/tree,Pubistylus,,,35226-1,Genus
715,Puffia,subshrub,Puffia,,,77159275-1,Genus
716,Pycnobotrya,liana,Pycnobotrya,,,2538-1,Genus
717,Pycnorhachis,liana,Pycnorhachis,,,3639-1,Genus
718,Pygmaeothamnus,subshrub,Pygmaeothamnus,,,35228-1,Genus
719,Pyrostria,shrub,Pyrostria,,,35231-1,Genus
720,Quaqua,succulent,Quaqua,,,3641-1,Genus
721,Rachicallis,shrub/subshrub,Rachicallis,,,35235-1,Genus
722,Ramonadoxa,herb/subshrub/tree/shrub,Ramonadoxa,,,77187961-1,Genus
723,Ramosmania,shrub/subshrub,Ramosmania,,,893224-1,Genus
724,Randia,shrub/tree/liana,Randia,,,30000647-2,Genus
725,Raphionacme,herb,Raphionacme,,,3644-1,Genus
726,Raritebe,shrub,Raritebe,,,295610-2,Genus
727,Rauvolfia,tree,Rauvolfia,,,328992-2,Genus
728,Razafimandimbisonia,tree/shrub,Razafimandimbisonia,,,77101368-1,Genus
729,Remijia,shrub/tree,Remijia,,,35243-1,Genus
730,Rennellia,shrub/subshrub/tree,Rennellia,,,35244-1,Genus
731,Retiniphyllum,shrub/subshrub/tree,Retiniphyllum,,,35246-1,Genus
732,Rhabdadenia,liana,Rhabdadenia,,,328984-2,Genus
733,Rhadinopus,shrub/subshrub/tree,Rhadinopus,,,35250-1,Genus
734,Rhaphidura,shrub/subshrub,Rhaphidura,,,35251-1,Genus
735,Rhazya,subshrub,Rhazya,,,2547-1,Genus
736,Rhigospira,tree/shrub,Rhigospira,,,2548-1,Genus
737,Rhipidantha,shrub/subshrub/tree,Pauridiantha,,,35073-1,Genus
738,Rhodopentas,shrub/subshrub,Rhodopentas,,,77086242-1,Genus
739,Rhyssolobium,subshrub,Rhyssolobium,,,3656-1,Genus
740,Rhytidocaulon,succulent,Rhytidocaulon,,,331908-2,Genus
741,Rhytidostemma,liana,Rhytidostemma,,,77129431-1,Genus
742,Richardia,herb,Richardia,,,35260-1,Genus
743,Richtersveldia,succulent,Richtersveldia,,,20009969-1,Genus
744,Ridsdalea,tree/shrub,Ridsdalea,,,77160521-1,Genus
745,Riocreuxia,liana/shrub/subshrub,Riocreuxia,,,3659-1,Genus
746,Riodocea,tree/shrub,Riodocea,,,1007277-1,Genus
747,Robbrechtia,tree/shrub,Robbrechtia,,,326326-2,Genus
748,Robynsia,shrub/subshrub/tree,Robynsia,,,331914-2,Genus
749,Rogiera,shrub,Rogiera,,,30058569-2,Genus
750,Rojasia,liana/subshrub,Rojasia,,,296324-2,Genus
751,Ronabea,subshrub/shrub,Ronabea,,,35267-1,Genus
752,Rondeletia,shrub,Rondeletia,,,329798-2,Genus
753,Rosenbergiodendron,shrub/liana,Rosenbergiodendron,,,296286-2,Genus
754,Rothmannia,shrub/tree,Rothmannia,,,327884-2,Genus
755,Rovaeanthus,herb/subshrub,Rovaeanthus,,,60435737-2,Genus
756,Rubia,herb,Rubia,,,35277-1,Genus
757,Rubovietnamia,shrub/subshrub,Rubovietnamia,,,1004952-1,Genus
758,Rudgea,shrub/tree/subshrub,Rudgea,,,330786-2,Genus
759,Ruehssia,liana,Ruehssia,,,3664-1,Genus
760,Rustia,shrub/tree,Rustia,,,35280-1,Genus
761,Rutidea,liana/shrub/subshrub,Rutidea,,,35281-1,Genus
762,Rytigynia,shrub/tree,Rytigynia,,,35283-1,Genus
763,Saba,liana,Saba,,,2560-1,Genus
764,Sabicea,shrub/liana/subshrub,Sabicea,,,30011202-2,Genus
765,Sacleuxia,shrub/subshrub,Sacleuxia,,,3667-1,Genus
766,Sacosperma,liana/shrub/subshrub,Sacosperma,,,35286-1,Genus
767,Saldinia,shrub/subshrub,Saldinia,,,35290-1,Genus
768,Salzmannia,tree/shrub,Salzmannia,,,35292-1,Genus
769,Saprosma,shrub,Saprosma,,,35295-1,Genus
770,Sarcolobus,liana,Sarcolobus,,,3671-1,Genus
771,Sarcorrhiza,liana/herb/subshrub,Sarcorrhiza,,,3673-1,Genus
772,Schismatoclada,shrub/subshrub/tree,Schismatoclada,,,35309-1,Genus
773,Schistonema,liana,Schistonema,,,295677-2,Genus
774,Schizenterospermum,shrub/subshrub,Schizenterospermum,,,35311-1,Genus
775,Schizocalyx,shrub/tree,Schizocalyx,,,331938-2,Genus
776,Schizocolea,shrub/subshrub/tree,Schizocolea,,,35313-1,Genus
777,Schizoglossum,herb,Schizoglossum,,,3680-1,Genus
778,Schizomussaenda,shrub/subshrub/tree,Schizomussaenda,,,35314-1,Genus
779,Schizostephanus,herb/subshrub/shrub,Schizostephanus,,,3683-1,Genus
780,Schizozygia,shrub,Schizozygia,,,2563-1,Genus
781,Schlechterella,liana/herb,Schlechterella,,,30105942-2,Genus
782,Schmidtottia,shrub/subshrub,Schmidtottia,,,30002570-2,Genus
783,Schradera,tree/liana,Schradera,,,327888-2,Genus
784,Schubertia,liana,Schubertia,,,331943-2,Genus
785,Schumanniophyton,tree,Schumanniophyton,,,35323-1,Genus
786,Schwendenera,subshrub,Schwendenera,,,295686-2,Genus
787,Scleromitrion,herb,Scleromitrion,,,60445140-2,Genus
788,Scolosanthus,shrub/subshrub,Scolosanthus,,,35330-1,Genus
789,Scyphiphora,shrub/subshrub/tree,Scyphiphora,,,327890-2,Genus
790,Scyphostachys,shrub/subshrub/tree,Scyphostachys,,,35333-1,Genus
791,Scyphostelma,herb/subshrub,Scyphostelma,,,295477-2,Genus
792,Secamone,liana,Secamone,,,30167675-2,Genus
793,Secondatia,liana,Secondatia,,,329003-2,Genus
794,Sericanthe,shrub/subshrub/tree,Sericanthe,,,35336-1,Genus
795,Serissa,subshrub/shrub,Serissa,,,35337-1,Genus
796,Seychellea,shrub/subshrub,Seychellea,,,77203853-1,Genus
797,Shaferocharis,shrub/subshrub,Shaferocharis,,,298108-2,Genus
798,Sherardia,herb,Sherardia,,,35341-1,Genus
799,Sherbournia,liana,Sherbournia,,,35342-1,Genus
800,Siemensia,shrub/subshrub,Siemensia,,,296660-2,Genus
801,Simira,shrub/tree,Simira,,,30018402-2,Genus
802,Sindechites,liana,Sindechites,,,2568-1,Genus
803,Singaporandia,shrub/subshrub/tree,Singaporandia,,,77160553-1,Genus
804,Sinoadina,shrub,Sinoadina,,,35354-1,Genus
805,Sipanea,subshrub,Sipanea,,,35355-1,Genus
806,Sipaneopsis,subshrub,Sipaneopsis,,,296664-2,Genus
807,Siphonandrium,liana/shrub/subshrub,Siphonandrium,,,35360-1,Genus
808,Sisyranthus,herb,Sisyranthus,,,3697-1,Genus
809,Skytanthus,shrub/subshrub,Skytanthus,,,2570-1,Genus
810,Socotrella,succulent,Socotrella,,,20008733-1,Genus
811,Solenandra,shrub/tree,Solenandra,,,35363-1,Genus
812,Solenostemma,shrub/subshrub,Solenostemma,,,3701-1,Genus
813,Sommera,shrub,Sommera,,,35365-1,Genus
814,Spermacoce,shrub/subshrub/liana,Spermacoce,,,326325-2,Genus
815,Spermadictyon,shrub/subshrub,Spermadictyon,,,35371-1,Genus
816,Sphinctanthus,shrub/subshrub/tree,Sphinctanthus,,,35373-1,Genus
817,Spirolobium,shrub/subshrub,Spirolobium,,,331979-2,Genus
818,Spongiosperma,shrub/subshrub/tree,Spongiosperma,,,925320-1,Genus
819,Squamellaria,herb/subshrub,Squamellaria,,,35379-1,Genus
820,Stachyarrhena,tree/shrub,Stachyarrhena,,,35380-1,Genus
821,Staelia,subshrub,Staelia,,,30051118-2,Genus
822,Staparesia,succulent,× Staparesia,,,893240-1,Genus
823,Stapelia,succulent,Stapelia,,,331981-2,Genus
824,Stapelianthus,succulent,Stapelianthus,,,3713-1,Genus
825,Stapeliopsis,succulent,Stapeliopsis,,,3714-1,Genus
826,Stapvalia,succulent,× Stapvalia,,,77151926-1,Genus
827,Stathmostelma,herb,Stathmostelma,,,3717-1,Genus
828,Steenisia,subshrub,Steenisia,,,35386-1,Genus
829,Stelmagonum,liana/subshrub,Stelmagonum,,,296618-2,Genus
830,Stenaria,herb,Stenaria,,,20001881-1,Genus
831,Stenosepala,shrub/subshrub/tree,Stenosepala,,,1018382-1,Genus
832,Stenostelma,herb,Stenostelma,,,3725-1,Genus
833,Stenostomum,tree,Stenostomum,,,35392-1,Genus
834,Stenotis,subshrub,Stenotis,,,30395888-2,Genus
835,Stephanococcus,liana,Stephanococcus,,,35394-1,Genus
836,Stephanostegia,tree/shrub,Stephanostegia,,,2577-1,Genus
837,Stephanostema,shrub/subshrub,Stephanostema,,,2578-1,Genus
838,Stephanotis,liana,Stephanotis,,,30089192-2,Genus
839,Stevensia,shrub/subshrub,Stevensia,,,30139760-2,Genus
840,Steyermarkia,herb/subshrub,Steyermarkia,,,296546-2,Genus
841,Stichianthus,shrub/subshrub,Stichianthus,,,35399-1,Genus
842,Stigmatorhynchus,subshrub/shrub,Stigmatorhynchus,,,3729-1,Genus
843,Stilpnophyllum,tree/shrub,Stilpnophyllum,,,35403-1,Genus
844,Stipecoma,liana,Stipecoma,,,2579-1,Genus
845,Stipularia,subshrub/shrub,Stipularia,,,35404-1,Genus
846,Stomatostemma,liana/herb,Stomatostemma,,,3732-1,Genus
847,Streblosa,subshrub,Streblosa,,,327891-2,Genus
848,Strempeliopsis,shrub/subshrub,Strempeliopsis,,,2580-1,Genus
849,Streptocaulon,liana,Streptocaulon,,,3733-1,Genus
850,Streptoechites,liana,Streptoechites,,,77124831-1,Genus
851,Strophanthus,shrub/liana,Strophanthus,,,2582-1,Genus
852,Strumpfia,subshrub/shrub,Strumpfia,,,35412-1,Genus
853,Stylosiphonia,shrub/subshrub,Stylosiphonia,,,35416-1,Genus
854,Suberanthus,shrub/subshrub/tree,Suberanthus,,,893242-1,Genus
855,Synaptantha,herb,Synaptantha,,,35422-1,Genus
856,Syringantha,shrub/subshrub,Syringantha,,,297636-2,Genus
857,Tabernaemontana,tree,Tabernaemontana,,,328993-2,Genus
858,Tabernanthe,shrub/subshrub,Tabernanthe,,,983-1,Genus
859,Tacazzea,liana,Tacazzea,,,3745-1,Genus
860,Tainus,shrub/subshrub/tree,Tainus,,,77175144-1,Genus
861,Tamilnadia,tree,Tamilnadia,,,35428-1,Genus
862,Tammsia,shrub/subshrub/tree,Tammsia,,,331997-2,Genus
863,Tamridaea,shrub/subshrub,Tamridaea,,,1001591-1,Genus
864,Tarenna,shrub/tree,Tarenna,,,327893-2,Genus
865,Tarennoidea,tree/shrub,Tarennoidea,,,327894-2,Genus
866,Tassadia,liana,Tassadia,,,30040639-2,Genus
867,Tavaresia,succulent,Tavaresia,,,3751-1,Genus
868,Telectadium,shrub/subshrub,Telectadium,,,3752-1,Genus
869,Telosma,liana/shrub/subshrub,Telosma,,,3755-1,Genus
870,Temnadenia,liana,Temnadenia,,,329004-2,Genus
871,Temnocalyx,shrub/subshrub/tree,Temnocalyx,,,35442-1,Genus
872,Tennantia,shrub/subshrub,Tennantia,,,893109-1,Genus
873,Tessiera,subshrub,Tessiera,,,35448-1,Genus
874,Thamnoldenlandia,shrub/subshrub,Thamnoldenlandia,,,77107063-1,Genus
875,Theligonum,subshrub,Theligonum,,,41017-1,Genus
876,Thenardia,liana,Thenardia,,,2594-1,Genus
877,Thevetia,shrub/subshrub,Thevetia,,,332011-2,Genus
878,Thiollierea,shrub/subshrub,Thiollierea,,,35459-1,Genus
879,Thogsennia,tree/shrub,Thogsennia,,,298615-2,Genus
880,Thoreauea,liana,Thoreauea,,,326443-2,Genus
881,Thyrsanthella,liana,Thyrsanthella,,,2599-1,Genus
882,Timonius,shrub,Timonius,,,332019-2,Genus
883,Tinadendron,tree,Tinadendron,,,77075408-1,Genus
884,Tintinnabularia,liana,Tintinnabularia,,,289330-2,Genus
885,Tobagoa,subshrub/shrub,Tobagoa,,,289333-2,Genus
886,Tocoyena,shrub/subshrub/tree,Tocoyena,,,35467-1,Genus
887,Tortuella,subshrub,Tortuella,,,289340-2,Genus
888,Toxocarpus,liana,Toxocarpus,,,3761-1,Genus
889,Trachelospermum,liana,Trachelospermum,,,2604-1,Genus
890,Trailliaedoxa,subshrub,Trailliaedoxa,,,35472-1,Genus
891,Treutlera,liana/shrub/subshrub,Treutlera,,,3764-1,Genus
892,Triainolepis,shrub/subshrub,Triainolepis,,,35475-1,Genus
893,Tricalysia,shrub/subshrub/tree,Tricalysia,,,325987-2,Genus
894,Trichosandra,liana,Trichosandra,,,3768-1,Genus
895,Trichostachys,subshrub,Trichostachys,,,332030-2,Genus
896,Tridentapelia,succulent,× Tridentapelia,,,60435744-2,Genus
897,Tridentea,succulent,Tridentea,,,3770-1,Genus
898,Triflorensia,shrub/subshrub/tree,Triflorensia,,,60442357-2,Genus
899,Tromotriche,succulent,Tromotriche,,,3774-1,Genus
900,Tulearia,subshrub/shrub,Tulearia,,,77178890-1,Genus
901,Tweedia,subshrub,Tweedia,,,3777-1,Genus
902,Tylodontia,liana/shrub/subshrub,Tylodontia,,,3778-1,Genus
903,Uncaria,liana,Uncaria,,,327895-2,Genus
904,Urceola,liana,Urceola,,,332043-2,Genus
905,Urophyllum,shrub,Urophyllum,,,327899-2,Genus
906,Vahadenia,liana,Vahadenia,,,2613-1,Genus
907,Vailia,liana,Vailia,,,3785-1,Genus
908,Valantia,herb,Valantia,,,30049225-2,Genus
909,Vallaris,liana,Vallaris,,,2616-1,Genus
910,Vallesia,shrub,Vallesia,,,2617-1,Genus
911,Vangueria,shrub/subshrub/tree,Vangueria,,,35502-1,Genus
912,Vangueriella,shrub/subshrub/tree,Vangueriella,,,925313-1,Genus
913,Vangueriopsis,shrub/subshrub/tree,Vangueriopsis,,,35503-1,Genus
914,Vidalasia,tree/shrub,Vidalasia,,,1004946-1,Genus
915,Villaria,shrub/subshrub/tree,Villaria,,,332050-2,Genus
916,Vinca,herb/subshrub,Vinca,,,2619-1,Genus
917,Vincetoxicum,liana,Vincetoxicum,,,30010004-2,Genus
918,Virectaria,herb/subshrub,Virectaria,,,35514-1,Genus
919,Voacanga,tree,Voacanga,,,2620-1,Genus
920,Wandersong,shrub/subshrub/tree,Wandersong,,,77148157-1,Genus
921,Warszewiczia,tree/shrub,Warszewiczia,,,35525-1,Genus
922,Wattakaka,liana,Wattakaka,,,3796-1,Genus
923,Wendlandia,shrub/tree,Wendlandia,,,327901-2,Genus
924,White-sloanea,succulent,White-sloanea,,,3797-1,Genus
925,Willughbeia,liana,Willughbeia,,,332064-2,Genus
926,Wittmackanthus,shrub,Wittmackanthus,,,289055-2,Genus
927,Woodia,herb,Woodia,,,3799-1,Genus
928,Wrightia,tree,Wrightia,,,60443770-2,Genus
929,Xanthophytum,subshrub,Xanthophytum,,,35539-1,Genus
930,Xantonneopsis,shrub/subshrub/tree,Xantonneopsis,,,35541-1,Genus
931,Xysmalobium,herb,Xysmalobium,,,3801-1,Genus
932,Zuccarinia,tree/shrub,Zuccarinia,,,332077-2,Genus
933,Zygostelma,liana,Zygostelma,,,3808-1,Genus
