,Toxic plants: Scientific name,Accepted_Name,Accepted_Species,Accepted_Species_ID,Accepted_ID,Accepted_Rank,Source
0,Acalypha chamaedrifolia (Lam.) Mull. Arg. ,Acalypha chamaedrifolia,Acalypha chamaedrifolia,1012504-2,1012504-2,Species,CliniTox
1,Acalypha hispida Burm.f. ,Acalypha hispida,Acalypha hispida,337478-1,337478-1,Species,CliniTox
2,Acalypha reptans Sw. ,Acalypha chamaedrifolia,Acalypha chamaedrifolia,1012504-2,1012504-2,Species,CliniTox
3,Aethusa cynapium L. ,Aethusa cynapium,Aethusa cynapium,837341-1,837341-1,Species,CliniTox
4,Agaricus sinuatus Pers. ,,,,,,CliniTox
5,Aglaonema commutatum Schott. ,Aglaonema commutatum,Aglaonema commutatum,84050-1,84050-1,Species,CliniTox
6,Aglaonema modestum Schott ex Engl. ,Aglaonema modestum,Aglaonema modestum,84081-1,84081-1,Species,CliniTox
7,Allium latifolium Gilib. ,Allium ursinum,Allium ursinum,529088-1,529088-1,Species,CliniTox
8,Allium nemorale Salisb. ,Allium ursinum,Allium ursinum,529088-1,529088-1,Species,CliniTox
9,Allium schoenoprasum L. ,Allium schoenoprasum,Allium schoenoprasum,528823-1,528823-1,Species,CliniTox
10,Allium ursinum L. ,Allium ursinum,Allium ursinum,529088-1,529088-1,Species,CliniTox
11,Alocasia sanderiana W. Bull ,Alocasia sanderiana,Alocasia sanderiana,84242-1,84242-1,Species,CliniTox
12,Aloe barbadensis Mill. ,Aloe vera,Aloe vera,530017-1,530017-1,Species,CliniTox
13,Aloe ferox Mill. ,Aloe ferox,Aloe ferox,529449-1,529449-1,Species,CliniTox
14,Aloe vera (L.) Burm. f. ,Aloe vera,Aloe vera,530017-1,530017-1,Species,CliniTox
15,Aloe vulgaris Lam. ,Aloe vera,Aloe vera,530017-1,530017-1,Species,CliniTox
16,Aneilema nudiflorum Wall. ,Murdannia nudiflora,Murdannia nudiflora,172873-1,172873-1,Species,CliniTox
17,Anemone nemorosa L. ,Anemonoides nemorosa,Anemonoides nemorosa,13537-2,13537-2,Species,CliniTox
18,Angelica archangelica L. ,Angelica archangelica,Angelica archangelica,837560-1,837560-1,Species,CliniTox
19,Angelica officinalis Hoffm. ,Angelica archangelica subsp. archangelica,Angelica archangelica,837560-1,77228879-1,Subspecies,CliniTox
20,Angelica sylvestris L. ,Angelica sylvestris,Angelica sylvestris,837777-1,837777-1,Species,CliniTox
21,Anthurium andreanum Linden ex Andre ,,,,,,CliniTox
22,Argyreia nervosa (Burm.f.) Bojer ,Argyreia nervosa,Argyreia nervosa,265238-1,265238-1,Species,CliniTox
23,Artemisia absinthium L. ,Artemisia absinthium,Artemisia absinthium,300106-2,300106-2,Species,CliniTox
24,Asclepias cornuti  Decne. ,Asclepias syriaca,Asclepias syriaca,319076-2,319076-2,Species,CliniTox
25,Asclepias curassavica L. ,Asclepias curassavica,Asclepias curassavica,94213-1,94213-1,Species,CliniTox
26,Asclepias nivea L. var. curassavica (L.) Kuntze ,Asclepias curassavica,Asclepias curassavica,94213-1,94213-1,Species,CliniTox
27,Asclepias syriaca L. ,Asclepias syriaca,Asclepias syriaca,319076-2,319076-2,Species,CliniTox
28,Aspidium filix-mas (L.) Sw. ,Dryopteris filix-mas,Dryopteris filix-mas,30345915-2,30345915-2,Species,CliniTox
29,Atragene alpina L. ,Clematis alpina,Clematis alpina,709469-1,709469-1,Species,CliniTox
30,Bambusa vulgaris Schrad. ex J.C. Wendl. ,Bambusa vulgaris,Bambusa vulgaris,392574-1,392574-1,Species,CliniTox
31,Bambusa vulgaris Schrad. ex J.C. Wendl. var. vittata Riviere ,Bambusa vulgaris,Bambusa vulgaris,392574-1,392574-1,Species,CliniTox
32,Beaucarnea recurvata Lem. ,Beaucarnea recurvata,Beaucarnea recurvata,531735-1,531735-1,Species,CliniTox
33,Berteroa incana (L.) DC. ,Berteroa incana,Berteroa incana,278924-1,278924-1,Species,CliniTox
34,Beta vulgaris L. ,Beta vulgaris,Beta vulgaris,164505-1,164505-1,Species,CliniTox
35,Boletus satanas Lenz. ,,,,,,CliniTox
36,Brassica nigra (L.) W.D.J. Koch ,Brassica nigra,Brassica nigra,279422-1,279422-1,Species,CliniTox
37,Caladium bicolor (Aiton) Vent. ,Caladium bicolor,Caladium bicolor,30010088-2,30010088-2,Species,CliniTox
38,Calla aethiopica L. ,Zantedeschia aethiopica,Zantedeschia aethiopica,89403-1,89403-1,Species,CliniTox
39,Calla palustris L. ,Calla palustris,Calla palustris,86508-1,86508-1,Species,CliniTox
40,Callisia fragrans (Lindl.) Woodson ,Callisia fragrans,Callisia fragrans,42441-2,42441-2,Species,CliniTox
41,Caltha palustris L. ,Caltha palustris,Caltha palustris,42867-2,42867-2,Species,CliniTox
42,Cannabis sativa L. ,Cannabis sativa,Cannabis sativa,306087-2,306087-2,Species,CliniTox
43,Carduus marianus L. ,Silybum marianum,Silybum marianum,249211-1,249211-1,Species,CliniTox
44,Chaerophyllum temulum L. ,Chaerophyllum temulum,Chaerophyllum temulum,840275-1,840275-1,Species,CliniTox
45,Chamaecyparis lawsoniana (A. Murray bis) Parl. ,Chamaecyparis lawsoniana,Chamaecyparis lawsoniana,261839-1,261839-1,Species,CliniTox
46,Chrysanthemum vulgare (L.) Bernh. ,Tanacetum vulgare,Tanacetum vulgare,252568-1,252568-1,Species,CliniTox
47,Clematis alpina (L.) Mill. ,Clematis alpina,Clematis alpina,709469-1,709469-1,Species,CliniTox
48,Clematis recta L. ,Clematis recta,Clematis recta,710023-1,710023-1,Species,CliniTox
49,Clematis tangutica (Maxim.) Korsh. ,Clematis tangutica,Clematis tangutica,710111-1,710111-1,Species,CliniTox
50,Clematis vitalba L. ,Clematis vitalba,Clematis vitalba,319145-2,319145-2,Species,CliniTox
51,Clematis-Hybride ,Clematis,,,329401-2,Genus,CliniTox
52,Clivia miniata (Lindl.) Regel ,Clivia miniata,Clivia miniata,994513-1,994513-1,Species,CliniTox
53,Codiaeum variegatum (L.) A. Juss. ,Codiaeum variegatum,Codiaeum variegatum,85073-3,85073-3,Species,CliniTox
54,Coffea arabica L. ,Coffea arabica,Coffea arabica,747038-1,747038-1,Species,CliniTox
55,Coffea canephora Pierre ex A. Froehner ,Coffea canephora,Coffea canephora,747068-1,747068-1,Species,CliniTox
56,Coffea robusta L. Linden ,Coffea canephora,Coffea canephora,747068-1,747068-1,Species,CliniTox
57,Commelina anomala (Torr.) Woodson ,Tinantia anomala,Tinantia anomala,173144-1,173144-1,Species,CliniTox
58,Commelina diffusa Burm. f. ,Commelina diffusa,Commelina diffusa,172020-1,172020-1,Species,CliniTox
59,Commelina nudiflora L. ,Murdannia nudiflora,Murdannia nudiflora,172873-1,172873-1,Species,CliniTox
60,Commelinantia anomala (Torr.) Tharp ,Tinantia anomala,Tinantia anomala,173144-1,173144-1,Species,CliniTox
61,Consolida ajacis (L.) Schur ,Delphinium ajacis,Delphinium ajacis,77254-2,77254-2,Species,CliniTox
62,Consolida regalis Gray ,Delphinium consolida,Delphinium consolida,306669-2,306669-2,Species,CliniTox
63,Convolvulus arvensis L. ,Convolvulus arvensis,Convolvulus arvensis,265849-1,265849-1,Species,CliniTox
64,Convolvulus nervosus Burm. f. ,Argyreia nervosa,Argyreia nervosa,265238-1,265238-1,Species,CliniTox
65,Convolvulus speciosus Linn. f. ,Ipomoea sagittata,Ipomoea sagittata,269719-1,269719-1,Species,CliniTox
66,Convolvulus tricolor L. ,Convolvulus tricolor,Convolvulus tricolor,267127-1,267127-1,Species,CliniTox
67,Coronilla varia L. ,Coronilla varia,Coronilla varia,487281-1,487281-1,Species,CliniTox
68,Crocus albiflorus Kit. ,Crocus vernus,Crocus vernus,60461938-2,60461938-2,Species,CliniTox
69,Crocus sativus L. ,Crocus sativus,Crocus sativus,436688-1,436688-1,Species,CliniTox
70,Crocus vernus (L.) Hill subsp. albiflorus (Kit.) Asch. & Gr. ,Crocus vernus,Crocus vernus,60461938-2,60461938-2,Species,CliniTox
71,Croton variegatus L. ,Codiaeum variegatum,Codiaeum variegatum,85073-3,85073-3,Species,CliniTox
72,Cupressus sempervirens L. ,Cupressus sempervirens,Cupressus sempervirens,261974-1,261974-1,Species,CliniTox
73,Cycas revoluta Thunb. ,Cycas revoluta,Cycas revoluta,328823-2,328823-2,Species,CliniTox
74,Cyclamen persicum Mill. ,Cyclamen persicum,Cyclamen persicum,700765-1,700765-1,Species,CliniTox
75,Cynanchum vincetoxicum (L.) Pers. ,Vincetoxicum hirundinaria,Vincetoxicum hirundinaria,102810-1,102810-1,Species,CliniTox
76,Cytisus scoparius (L.) Link ,Cytisus scoparius,Cytisus scoparius,489963-1,489963-1,Species,CliniTox
77,Delphinium ajacis L. ,Delphinium ajacis,Delphinium ajacis,77254-2,77254-2,Species,CliniTox
78,Delphinium consolida L. ,Delphinium consolida,Delphinium consolida,306669-2,306669-2,Species,CliniTox
79,Dracaena fragrans (L.) Ker Gawl. ,Dracaena fragrans,Dracaena fragrans,534207-1,534207-1,Species,CliniTox
80,Dracaena marginata Lam. ,Dracaena reflexa var. angustifolia,Dracaena reflexa,534338-1,77189099-1,Variety,CliniTox
81,Dracaena reflexa var. angustifolia Baker ,Dracaena reflexa var. angustifolia,Dracaena reflexa,534338-1,77189099-1,Variety,CliniTox
82,Dryopteris filix-mas (L.) Schott ,Dryopteris filix-mas,Dryopteris filix-mas,30345915-2,30345915-2,Species,CliniTox
83,Echium vulgare L. ,Echium vulgare,Echium vulgare,115950-1,115950-1,Species,CliniTox
84,Entoloma eulividum Noordel. ,,,,,,CliniTox
85,Entoloma lividum (Bull.) Quél. ,,,,,,CliniTox
86,Entoloma sinuatum (Pers.) P. Kumm. ,,,,,,CliniTox
87,Epipremnum aureum (Linden & Andre) G.S. Bunting ,Epipremnum aureum,Epipremnum aureum,87014-1,87014-1,Species,CliniTox
88,Epipremnum pinnatum 'Aureum' (L.) Engl. ,Epipremnum pinnatum,Epipremnum pinnatum,87046-1,87046-1,Species,CliniTox
89,Equisetum ramosissimum Desf. ,Equisetum ramosissimum,Equisetum ramosissimum,93010-2,93010-2,Species,CliniTox
90,Euphorbia bojeri Hook. ,Euphorbia milii var. milii,Euphorbia milii,347359-1,77168365-1,Variety,CliniTox
91,Euphorbia milii Des Moul. ex Boiss. ,Euphorbia milii,Euphorbia milii,347359-1,347359-1,Species,CliniTox
92,Euphorbia splendens Bojer ex Hook. ,Euphorbia splendens,Euphorbia splendens,348333-1,348333-1,Species,CliniTox
93,Fraxinus excelsior L. ,Fraxinus excelsior,Fraxinus excelsior,609009-1,609009-1,Species,CliniTox
94,Galanthus nivalis L. ,Galanthus nivalis,Galanthus nivalis,64496-1,64496-1,Species,CliniTox
95,Galega officinalis L. ,Galega officinalis,Galega officinalis,495681-1,495681-1,Species,CliniTox
96,Genista germanica L. ,Genista germanica,Genista germanica,496060-1,496060-1,Species,CliniTox
97,Genista scoparia (L.) Lam. ,Cytisus scoparius,Cytisus scoparius,489963-1,489963-1,Species,CliniTox
98,Ginkgo biloba L. ,Ginkgo biloba,Ginkgo biloba,262125-1,262125-1,Species,CliniTox
99,Glycine floribunda Willd. ,Wisteria floribunda,Wisteria floribunda,525791-1,525791-1,Species,CliniTox
100,Glycine sinensis Sims ,Wisteria sinensis,Wisteria sinensis,60459148-2,60459148-2,Species,CliniTox
101,Haemanthus albiflos Jacq. ,Haemanthus albiflos,Haemanthus albiflos,64682-1,64682-1,Species,CliniTox
102,Haemanthus albomaculatus Baker ,Haemanthus albiflos,Haemanthus albiflos,64682-1,64682-1,Species,CliniTox
103,Haemanthus coccineus L. ,Haemanthus coccineus,Haemanthus coccineus,64715-1,64715-1,Species,CliniTox
104,Haemanthus concolor Herb. ,Haemanthus coccineus,Haemanthus coccineus,64715-1,64715-1,Species,CliniTox
105,Haemanthus tigrinus Jacq. ,Haemanthus coccineus,Haemanthus coccineus,64715-1,64715-1,Species,CliniTox
106,Hedera helix L. ,Hedera helix,Hedera helix,90723-1,90723-1,Species,CliniTox
107,Heracleum mantegazzianum Sommier & Levier ,Heracleum mantegazzianum,Heracleum mantegazzianum,843084-1,843084-1,Species,CliniTox
108,Hypericum acutum Moench ,Hypericum tetrapterum var. tetrapterum,Hypericum tetrapterum,433905-1,77173039-1,Variety,CliniTox
109,Hypericum maculatum Crantz s.l. ,Hypericum maculatum,Hypericum maculatum,325096-2,325096-2,Species,CliniTox
110,Hypericum perforatum L.s.str. ,Hypericum perforatum,Hypericum perforatum,433719-1,433719-1,Species,CliniTox
111,Hypericum tetrapterum Fr. ,Hypericum tetrapterum,Hypericum tetrapterum,433905-1,433905-1,Species,CliniTox
112,Ilex aquifolium L. ,Ilex aquifolium,Ilex aquifolium,83051-1,83051-1,Species,CliniTox
113,Ilex verticillata (L.) A. Gray ,Ilex verticillata,Ilex verticillata,83852-1,83852-1,Species,CliniTox
114,Indigofera enneaphylla L. ,Indigofera linnaei,Indigofera linnaei,499579-1,499579-1,Species,CliniTox
115,Indigofera hirsuta L. ,Indigofera hirsuta,Indigofera hirsuta,499456-1,499456-1,Species,CliniTox
116,Indigofera lespedezioides Kunth ,Indigofera lespedezioides,Indigofera lespedezioides,499569-1,499569-1,Species,CliniTox
117,Indigofera linnaei Ali ,Indigofera linnaei,Indigofera linnaei,499579-1,499579-1,Species,CliniTox
118,Indigofera pascuorum Benth. ,Indigofera lespedezioides,Indigofera lespedezioides,499569-1,499569-1,Species,CliniTox
119,Indigofera spicata Forssk. ,Indigofera spicata,Indigofera spicata,500027-1,500027-1,Species,CliniTox
120,Ipomoea tricolor Cav. ,Ipomoea tricolor,Ipomoea tricolor,269966-1,269966-1,Species,CliniTox
121,Iris pseudacorus L. ,Iris pseudacorus,Iris pseudacorus,438992-1,438992-1,Species,CliniTox
122,Juniperus communis L.s.l. ,Juniperus communis,Juniperus communis,30088655-2,30088655-2,Species,CliniTox
123,Kalanchoe blossfeldiana Poelln. ,Kalanchoe blossfeldiana,Kalanchoe blossfeldiana,274279-1,274279-1,Species,CliniTox
124,Kalanchoe globulifera H. Perrier var. coccinea H. Perrier ,Kalanchoe globulifera,Kalanchoe globulifera,274347-1,274347-1,Species,CliniTox
125,Lantana camara L. ,Lantana camara,Lantana camara,325686-2,325686-2,Species,CliniTox
126,Lathyrus latifolius L. ,Lathyrus latifolius,Lathyrus latifolius,501802-1,501802-1,Species,CliniTox
127,Lathyrus odoratus L. ,Lathyrus odoratus,Lathyrus odoratus,501909-1,501909-1,Species,CliniTox
128,Lathyrus sativus L. ,Lathyrus sativus,Lathyrus sativus,501990-1,501990-1,Species,CliniTox
129,Lathyrus sylvestris L. ,Lathyrus sylvestris,Lathyrus sylvestris,502035-1,502035-1,Species,CliniTox
130,Lathyrus tuberosus L. ,Lathyrus tuberosus,Lathyrus tuberosus,502065-1,502065-1,Species,CliniTox
131,Ligustrum vulgare L. ,Ligustrum vulgare,Ligustrum vulgare,610130-1,610130-1,Species,CliniTox
132,Lonicera xylosteum L. ,Lonicera xylosteum,Lonicera xylosteum,149194-1,149194-1,Species,CliniTox
133,Lupinus albus L. ,Lupinus albus,Lupinus albus,504069-1,504069-1,Species,CliniTox
134,Lupinus angustifolius L. ,Lupinus angustifolius,Lupinus angustifolius,504124-1,504124-1,Species,CliniTox
135,Lupinus luteus L. ,Lupinus luteus,Lupinus luteus,504707-1,504707-1,Species,CliniTox
136,Lupinus sativus Gaertn. ,Lupinus albus subsp. albus,Lupinus albus,504069-1,77190403-1,Subspecies,CliniTox
137,Malva microcarpa Desf. ,Malva parviflora var. parviflora,Malva parviflora,561830-1,77226426-1,Variety,CliniTox
138,Malva parviflora L. ,Malva parviflora,Malva parviflora,561830-1,561830-1,Species,CliniTox
139,Malva rotundifolia Auct. ,Malva sylvestris var. sylvestris,Malva sylvestris,561932-1,77226650-1,Variety,CliniTox
140,Mentha pulegium L. ,Mentha pulegium,Mentha pulegium,451022-1,451022-1,Species,CliniTox
141,Monstera deliciosa Liebm. ,Monstera deliciosa,Monstera deliciosa,87478-1,87478-1,Species,CliniTox
142,Murdannia nudiflora (L.) Brenan ,Murdannia nudiflora,Murdannia nudiflora,172873-1,172873-1,Species,CliniTox
143,Narcissus pseudonarcissus L. ,Narcissus pseudonarcissus,Narcissus pseudonarcissus,66177-1,66177-1,Species,CliniTox
144,Nicandra physalodes (L.) Gaertn. ,Nicandra physalodes,Nicandra physalodes,816832-1,816832-1,Species,CliniTox
145,Nolina recurvata (Lem.) Hemsl. ,Beaucarnea recurvata,Beaucarnea recurvata,531735-1,531735-1,Species,CliniTox
146,Nuphar lutea (L.) Sm. ,Nuphar lutea,Nuphar lutea,30385379-2,30385379-2,Species,CliniTox
147,Nymphaea alba L. ,Nymphaea alba,Nymphaea alba,171158-2,171158-2,Species,CliniTox
148,Nymphaea lutea L. ,Nuphar lutea,Nuphar lutea,30385379-2,30385379-2,Species,CliniTox
149,Nymphaea-Hybriden ,Nymphaea,,,330032-2,Genus,CliniTox
150,Ornithogalum umbellatum L. ,Ornithogalum umbellatum,Ornithogalum umbellatum,539600-1,539600-1,Species,CliniTox
151,Oxalis acetosella L. ,Oxalis acetosella,Oxalis acetosella,30012601-2,30012601-2,Species,CliniTox
152,Papaver rhoeas L. ,Papaver rhoeas,Papaver rhoeas,306058-2,306058-2,Species,CliniTox
153,Paris quadrifolia L. ,Paris quadrifolia,Paris quadrifolia,539724-1,539724-1,Species,CliniTox
154,Pastinaca sativa L. ,Pastinaca sativa,Pastinaca sativa,845768-1,845768-1,Species,CliniTox
155,Persea americana Mill. ,Persea americana,Persea americana,325643-2,325643-2,Species,CliniTox
156,Persea gratissima C.F.Gaertn. ,Persea americana,Persea americana,325643-2,325643-2,Species,CliniTox
157,Persea nubigena L.O.Williams ,Persea americana,Persea americana,325643-2,325643-2,Species,CliniTox
158,Philodendron bipinnatifidum Schott ex Endl. ,Thaumatophyllum bipinnatifidum,Thaumatophyllum bipinnatifidum,77178497-1,77178497-1,Species,CliniTox
159,Philodendron hederaceum (Jacq.) Schott ,Philodendron hederaceum,Philodendron hederaceum,87797-1,87797-1,Species,CliniTox
160,Philodendron micans K. Koch ,Philodendron hederaceum var. hederaceum,Philodendron hederaceum,87797-1,77170908-1,Variety,CliniTox
161,Philodendron oxycardium Schott ,Philodendron hederaceum var. oxycardium,Philodendron hederaceum,87797-1,20007818-1,Variety,CliniTox
162,Philodendron scandens K. Koch & Sello ,Philodendron hederaceum var. hederaceum,Philodendron hederaceum,87797-1,77170908-1,Variety,CliniTox
163,Philodendron selloum K. Koch ,,,,,,CliniTox
164,Phytolacca americana L. ,Phytolacca americana,Phytolacca americana,323290-2,323290-2,Species,CliniTox
165,Phytolacca decandra L. ,Phytolacca americana var. americana,Phytolacca americana,323290-2,77227503-1,Variety,CliniTox
166,Pinus ponderosa P. Lawson & C. Lawson ,Pinus ponderosa,Pinus ponderosa,307165-2,307165-2,Species,CliniTox
167,Polygonatum multiflorum (L.) All. ,Polygonatum multiflorum,Polygonatum multiflorum,30081981-2,30081981-2,Species,CliniTox
168,Polygonatum odoratum (Mill.) Druce ,Polygonatum odoratum,Polygonatum odoratum,540195-1,540195-1,Species,CliniTox
169,Polygonatum officinale All. ,Polygonatum odoratum var. odoratum,Polygonatum odoratum,540195-1,77170809-1,Variety,CliniTox
170,Polypodium filix-mas L. ,Dryopteris filix-mas,Dryopteris filix-mas,30345915-2,30345915-2,Species,CliniTox
171,Quercus borealis Michx. ,Quercus rubra,Quercus rubra,296701-1,296701-1,Species,CliniTox
172,Quercus cerris L. ,Quercus cerris,Quercus cerris,295941-1,295941-1,Species,CliniTox
173,Quercus ilex L. ,Quercus ilex,Quercus ilex,296290-1,296290-1,Species,CliniTox
174,Quercus lanuginosa Thuill. ,Quercus pubescens subsp. pubescens,Quercus pubescens,326376-2,77171677-1,Subspecies,CliniTox
175,Quercus palustris Münchh. ,Quercus palustris,Quercus palustris,359933-1,359933-1,Species,CliniTox
176,Quercus pedunculata Ehrh. ,,,,,,CliniTox
177,Quercus petraea (Matt.) Liebl. ,Quercus petraea,Quercus petraea,359961-1,359961-1,Species,CliniTox
178,Quercus pubescens Willd. ,Quercus pubescens,Quercus pubescens,326376-2,326376-2,Species,CliniTox
179,Quercus robur L. ,Quercus robur,Quercus robur,304293-2,304293-2,Species,CliniTox
180,Quercus rubra L. ,Quercus rubra,Quercus rubra,296701-1,296701-1,Species,CliniTox
181,Quercus sempervirens Mill. ,Quercus ilex,Quercus ilex,296290-1,296290-1,Species,CliniTox
182,Quercus sessiliflora Salisb. ,Quercus petraea subsp. petraea,Quercus petraea,359961-1,77169785-1,Subspecies,CliniTox
183,Quercus sessilis Ehrh. ex Schur ,,,,,,CliniTox
184,Ranunculus acris L.s.l. ,Ranunculus acris,Ranunculus acris,712125-1,712125-1,Species,CliniTox
185,Ranunculus arvensis L. ,Ranunculus arvensis,Ranunculus arvensis,712240-1,712240-1,Species,CliniTox
186,Ranunculus bulbosus L. ,Ranunculus bulbosus,Ranunculus bulbosus,712367-1,712367-1,Species,CliniTox
187,Ranunculus flammula L. ,Ranunculus flammula,Ranunculus flammula,30013390-2,30013390-2,Species,CliniTox
188,Ranunculus lingua L. ,Ranunculus lingua,Ranunculus lingua,713102-1,713102-1,Species,CliniTox
189,Ranunculus philonotis Retz. ,Ranunculus repens,Ranunculus repens,713678-1,713678-1,Species,CliniTox
190,Ranunculus sardous Crantz ,Ranunculus sardous,Ranunculus sardous,713757-1,713757-1,Species,CliniTox
191,Rectanthera fragrans (Lindl.) O.Deg. ,Callisia fragrans,Callisia fragrans,42441-2,42441-2,Species,CliniTox
192,Rhodophyllus lividus (Bull.) Quél. ,,,,,,CliniTox
193,Rhodophyllus sinuatus (Bull.) Quél. ,,,,,,CliniTox
194,Rhoeo discolor (L'Her.) Hance ,Tradescantia spathacea,Tradescantia spathacea,173471-1,173471-1,Species,CliniTox
195,Rhoeo spathacea (Sw.) Stearn ,Tradescantia spathacea,Tradescantia spathacea,173471-1,173471-1,Species,CliniTox
196,Rubroboletus satanas (Lenz) K. Zhao & Zhu L. Yang ,,,,,,CliniTox
197,Rudbeckia laciniata L. ,Rudbeckia laciniata,Rudbeckia laciniata,241716-1,241716-1,Species,CliniTox
198,Sambucus ebulus L. ,Sambucus ebulus,Sambucus ebulus,149315-1,149315-1,Species,CliniTox
199,Sambucus nigra L. ,Sambucus nigra,Sambucus nigra,30122169-2,30122169-2,Species,CliniTox
200,Sambucus racemosa L. ,Sambucus racemosa,Sambucus racemosa,30056767-2,30056767-2,Species,CliniTox
201,Sarothamnus scoparius Koch. ,Cytisus scoparius,Cytisus scoparius,489963-1,489963-1,Species,CliniTox
202,Scindaptus aureus Linden & Andre ,,,,,,CliniTox
203,Securigera varia (L.) Lassen ,Coronilla varia,Coronilla varia,487281-1,487281-1,Species,CliniTox
204,Silybum maculatum (Scop.) Moench ,Silybum marianum,Silybum marianum,249211-1,249211-1,Species,CliniTox
205,Silybum marianum (L.) Gaertn. ,Silybum marianum,Silybum marianum,249211-1,249211-1,Species,CliniTox
206,Solanum pseudocapsicum L. ,Solanum pseudocapsicum,Solanum pseudocapsicum,316948-2,316948-2,Species,CliniTox
207,Spartium scoparius L. ,Cytisus scoparius,Cytisus scoparius,489963-1,489963-1,Species,CliniTox
208,Spathiphyllum floribundum (Linden & Andre) N.E.Br. ,Spathiphyllum floribundum,Spathiphyllum floribundum,88963-1,88963-1,Species,CliniTox
209,Spironema fragrans Lindl. ,Callisia fragrans,Callisia fragrans,42441-2,42441-2,Species,CliniTox
210,Spironema orthandrum Lindb. ,Callisia fragrans,Callisia fragrans,42441-2,42441-2,Species,CliniTox
211,Symphoricarpos albus (L.) S.F. Blake ,Symphoricarpos albus,Symphoricarpos albus,149485-1,149485-1,Species,CliniTox
212,Symphoricarpos racemosus Michaux. ,Symphoricarpos albus var. albus,Symphoricarpos albus,149485-1,77225049-1,Variety,CliniTox
213,Symphoricarpos rivularis Suksd. ,Symphoricarpos albus var. laevigatus,Symphoricarpos albus,149485-1,247030-2,Variety,CliniTox
214,Syngonium podophyllum Schott ,Syngonium podophyllum,Syngonium podophyllum,89152-1,89152-1,Species,CliniTox
215,Tanacetum vulgare L. ,Tanacetum vulgare,Tanacetum vulgare,252568-1,252568-1,Species,CliniTox
216,Tinantia anomala (Torr.) C.B. Clarke ,Tinantia anomala,Tinantia anomala,173144-1,173144-1,Species,CliniTox
217,Tradescantia anomala Torr. ,Tinantia anomala,Tinantia anomala,173144-1,173144-1,Species,CliniTox
218,Tradescantia discolor L'Her. ,Tradescantia spathacea,Tradescantia spathacea,173471-1,173471-1,Species,CliniTox
219,Tradescantia malabarica L. ,Murdannia nudiflora,Murdannia nudiflora,172873-1,172873-1,Species,CliniTox
220,Tradescantia spathacea Sw. ,Tradescantia spathacea,Tradescantia spathacea,173471-1,173471-1,Species,CliniTox
221,Trisetum flavescens (L.) P. Beauv. ,Trisetum flavescens,Trisetum flavescens,425194-1,425194-1,Species,CliniTox
222,Tulipa gesneriana L. ,Tulipa gesneriana,Tulipa gesneriana,542923-1,542923-1,Species,CliniTox
223,Tussilago farfara L. ,Tussilago farfara,Tussilago farfara,256904-1,256904-1,Species,CliniTox
224,Viburnum lantana L. ,Viburnum lantana,Viburnum lantana,326265-2,326265-2,Species,CliniTox
225,Viburnum opulus L. ,Viburnum opulus,Viburnum opulus,326268-2,326268-2,Species,CliniTox
226,Viburnum plicatum Thunb. ,Viburnum plicatum,Viburnum plicatum,149876-1,149876-1,Species,CliniTox
227,Viburnum rhytidophyllum Hemsl. ,Viburnum rhytidophyllum,Viburnum rhytidophyllum,149902-1,149902-1,Species,CliniTox
228,Viburnum tinus L. ,Viburnum tinus,Viburnum tinus,326271-2,326271-2,Species,CliniTox
229,Viburnum x bodnantense Aberc. ,,,,,,CliniTox
230,Vincetoxicum hirundinaria Medik. ,Vincetoxicum hirundinaria,Vincetoxicum hirundinaria,102810-1,102810-1,Species,CliniTox
231,Vincetoxicum officinale Moench ,Vincetoxicum hirundinaria,Vincetoxicum hirundinaria,102810-1,102810-1,Species,CliniTox
232,Wisteria floribunda (Willd.) DC. ,Wisteria floribunda,Wisteria floribunda,525791-1,525791-1,Species,CliniTox
233,Wisteria sinensis (Sims) DC. ,Wisteria sinensis,Wisteria sinensis,60459148-2,60459148-2,Species,CliniTox
234,Zantedeschia aethiopica (L.) Spreng. ,Zantedeschia aethiopica,Zantedeschia aethiopica,89403-1,89403-1,Species,CliniTox
235,Adonis aestivalis L. ,Adonis aestivalis,Adonis aestivalis,708056-1,708056-1,Species,CliniTox
236,Adonis vernalis L. ,Adonis vernalis,Adonis vernalis,305359-2,305359-2,Species,CliniTox
237,Aesculus hippocastanum L. ,Aesculus hippocastanum,Aesculus hippocastanum,781594-1,781594-1,Species,CliniTox
238,Agaricus muscarius Agar. ,,,,,,CliniTox
239,Agrostemma githago L. ,Agrostemma githago,Agrostemma githago,150316-1,150316-1,Species,CliniTox
240,Allium cepa L. ,Allium cepa,Allium cepa,527795-1,527795-1,Species,CliniTox
241,Allium sativum L. ,Allium sativum,Allium sativum,528796-1,528796-1,Species,CliniTox
242,Amanita muscaria (L.) Lam. ,,,,,,CliniTox
243,Amanita pantherina var. pantherina (DC. ex Fr.) Krombh. ,,,,,,CliniTox
244,Amaryllis belladonna L. ,Amaryllis belladonna,Amaryllis belladonna,62705-1,62705-1,Species,CliniTox
245,Amaryllis haemanthoidea Tratt. ,Haemanthus amarylloides subsp. amarylloides,Haemanthus amarylloides,64684-1,77171285-1,Subspecies,CliniTox
246,Andromeda floribunda Pursh ,Pieris floribunda,Pieris floribunda,331653-1,331653-1,Species,CliniTox
247,Andromeda japonica Thbunb. L. ,Micromelum compressum var. compressum,Micromelum compressum,774379-1,77226526-1,Variety,CliniTox
248,Arum italicum Mill. ,Arum italicum,Arum italicum,86047-1,86047-1,Species,CliniTox
249,Arum maculatum L. ,Arum maculatum,Arum maculatum,86067-1,86067-1,Species,CliniTox
250,Azalea pontica L. ,Rhododendron luteum,Rhododendron luteum,332817-1,332817-1,Species,CliniTox
251,Brassica napus L. ,Brassica napus,Brassica napus,279419-1,279419-1,Species,CliniTox
252,Brunfelisa grandiflora D. Don ,,,,,,CliniTox
253,Brunfelisa latiflora (Pohl) Benth. ,,,,,,CliniTox
254,Brunfelsia calycina Benth. ,Brunfelsia pauciflora,Brunfelsia pauciflora,814676-1,814676-1,Species,CliniTox
255,Brunfelsia hopeana (Hobok.) Benth. ,Brunfelsia uniflora,Brunfelsia uniflora,814696-1,814696-1,Species,CliniTox
256,Brunfelsia mutabilis (Jacques) A. Vilm. ,,,,,,CliniTox
257,Brunfelsia pauciflora (Cham. & Schltdl.) Benth. ,Brunfelsia pauciflora,Brunfelsia pauciflora,814676-1,814676-1,Species,CliniTox
258,Brunfelsia uniflora (Pohl) D. Don ,Brunfelsia uniflora,Brunfelsia uniflora,814696-1,814696-1,Species,CliniTox
259,Buxus sempervirens L. ,Buxus sempervirens,Buxus sempervirens,340317-1,340317-1,Species,CliniTox
260,Caladium zamiaefolium hort. Lodd. ,,,,,,CliniTox
261,Capsicum annuum L. ,Capsicum annuum,Capsicum annuum,316944-2,316944-2,Species,CliniTox
262,Capsicum cordiforme Mill. ,Capsicum annuum,Capsicum annuum,316944-2,316944-2,Species,CliniTox
263,Chelidonium majus L. ,Chelidonium majus,Chelidonium majus,303589-2,303589-2,Species,CliniTox
264,Convallaria majalis L. ,Convallaria majalis,Convallaria majalis,533487-1,533487-1,Species,CliniTox
265,Cynoglossum officinale L. ,Cynoglossum officinale,Cynoglossum officinale,115233-1,115233-1,Species,CliniTox
266,Dieffenbachia seguine (Jacq.) Schott ,Dieffenbachia seguine,Dieffenbachia seguine,86911-1,86911-1,Species,CliniTox
267,Duranta erecta L. ,Duranta erecta,Duranta erecta,330606-2,330606-2,Species,CliniTox
268,Duranta plumieri Jacq. ,Duranta erecta,Duranta erecta,330606-2,330606-2,Species,CliniTox
269,Duranta repens L. ,Duranta erecta,Duranta erecta,330606-2,330606-2,Species,CliniTox
270,Equisetum palustre L. ,Equisetum palustre,Equisetum palustre,30039890-2,30039890-2,Species,CliniTox
271,Euonymus europaeus L. ,Euonymus europaeus,Euonymus europaeus,160876-1,160876-1,Species,CliniTox
272,Euonymus japonicus Thunb. ,Euonymus japonicus,Euonymus japonicus,160944-1,160944-1,Species,CliniTox
273,Euphorbia cyparissias L. ,Euphorbia cyparissias,Euphorbia cyparissias,346205-1,346205-1,Species,CliniTox
274,Euphorbia esula L. ,Euphorbia esula,Euphorbia esula,346448-1,346448-1,Species,CliniTox
275,Euphorbia helioscopia L. ,Euphorbia helioscopia,Euphorbia helioscopia,346754-1,346754-1,Species,CliniTox
276,Euphorbia lathyris L. ,Euphorbia lathyris,Euphorbia lathyris,347072-1,347072-1,Species,CliniTox
277,Euphorbia marginata Pursh ,Euphorbia marginata,Euphorbia marginata,101724-2,101724-2,Species,CliniTox
278,Euphorbia palustris L. ,Euphorbia palustris,Euphorbia palustris,347635-1,347635-1,Species,CliniTox
279,Euphorbia peplus L. ,Euphorbia peplus,Euphorbia peplus,347724-1,347724-1,Species,CliniTox
280,Euphorbia pulcherrima Willd. ex Klotzsch ,Euphorbia pulcherrima,Euphorbia pulcherrima,30176564-2,30176564-2,Species,CliniTox
281,Fagopyrum esculentum Moench ,Fagopyrum esculentum,Fagopyrum esculentum,694526-1,694526-1,Species,CliniTox
282,Franciscea hopeana Hook. ,Brunfelsia uniflora,Brunfelsia uniflora,814696-1,814696-1,Species,CliniTox
283,Franciscea latifolia Pohl ,Brunfelsia latifolia,Brunfelsia latifolia,814652-1,814652-1,Species,CliniTox
284,Franciscea mutabilis Jacques ,,,,,,CliniTox
285,Franciscea uniflora Pohl ,Brunfelsia uniflora,Brunfelsia uniflora,814696-1,814696-1,Species,CliniTox
286,Frangula alnus Mill. ,Frangula alnus,Frangula alnus,717344-1,717344-1,Species,CliniTox
287,Genista tinctoria L. ,Genista tinctoria,Genista tinctoria,496408-1,496408-1,Species,CliniTox
288,Gloriosa abyssinica A. Rich. ,Gloriosa simplex,Gloriosa simplex,535948-1,535948-1,Species,CliniTox
289,Gloriosa speciosa (Hochst.) Engl. ,Gloriosa simplex,Gloriosa simplex,535948-1,535948-1,Species,CliniTox
290,Gloriosa superba L. ,Gloriosa superba,Gloriosa superba,535953-1,535953-1,Species,CliniTox
291,Gloriosa virescens Lindl. ,Gloriosa simplex,Gloriosa simplex,535948-1,535948-1,Species,CliniTox
292,Glycine max (L.) Merr. ,Glycine max,Glycine max,60450240-2,60450240-2,Species,CliniTox
293,Glycine soja (L.) Merr. ,Glycine max subsp. soja,Glycine max,60450240-2,920989-1,Subspecies,CliniTox
294,Haemanthus amarylloides Jacq. ,Haemanthus amarylloides,Haemanthus amarylloides,64684-1,64684-1,Species,CliniTox
295,Heliotropium arborescens L. ,Heliotropium arborescens,Heliotropium arborescens,116670-1,116670-1,Species,CliniTox
296,Heliotropium europaeum L. ,Heliotropium europaeum,Heliotropium europaeum,116833-1,116833-1,Species,CliniTox
297,Heliotropium peruvianum L. ,Heliotropium arborescens,Heliotropium arborescens,116670-1,116670-1,Species,CliniTox
298,Helleborus foetidus L. ,Helleborus foetidus,Helleborus foetidus,711317-1,711317-1,Species,CliniTox
299,Hippeastrum vittatum (L'Her.) Herb. ,Hippeastrum vittatum,Hippeastrum vittatum,65185-1,65185-1,Species,CliniTox
300,Hippocastanum aesculus Cav. ,Aesculus hippocastanum,Aesculus hippocastanum,781594-1,781594-1,Species,CliniTox
301,Hippocastanum vulgare Gaertn. ,Aesculus hippocastanum,Aesculus hippocastanum,781594-1,781594-1,Species,CliniTox
302,Inocybe erubescens A. Blytt ,,,,,,CliniTox
303,Inocybe fastigiata (Schaeff.) Quél. ,,,,,,CliniTox
304,Inocybe patouillardii Bres. ,,,,,,CliniTox
305,Inocybe rimosa (Bull.) P. Kumm. ,,,,,,CliniTox
306,Kalmia angustifolia L. ,Kalmia angustifolia,Kalmia angustifolia,133210-2,133210-2,Species,CliniTox
307,Kalmia intermedia Lange ,,,,,,CliniTox
308,Kalmia latifolia L. ,Kalmia latifolia,Kalmia latifolia,279164-2,279164-2,Species,CliniTox
309,Leucothoe catesbaei auct. ,Leucothoe axillaris,Leucothoe axillaris,331004-1,331004-1,Species,CliniTox
310,Leucothoe fontanesiana (Steud.) Sleumer ,Leucothoe fontanesiana,Leucothoe fontanesiana,139255-2,139255-2,Species,CliniTox
311,Leucothoe walteri N. C. Melvin ,Agarista populifolia,Agarista populifolia,6283-2,6283-2,Species,CliniTox
312,Lupinus polyphyllus Lindl. ,Lupinus polyphyllus,Lupinus polyphyllus,504939-1,504939-1,Species,CliniTox
313,Mercurialis perennis L. ,Mercurialis perennis,Mercurialis perennis,352211-1,352211-1,Species,CliniTox
314,Oenanthe aquatica (L.) Poir. ,Oenanthe aquatica,Oenanthe aquatica,845226-1,845226-1,Species,CliniTox
315,Oenanthe fistulosa L. ,Oenanthe fistulosa,Oenanthe fistulosa,845277-1,845277-1,Species,CliniTox
316,Oenanthe lachanalii C.C. Gmel. ,,,,,,CliniTox
317,Oenanthe phellandrium Lam. ,Oenanthe sarmentosa,Oenanthe sarmentosa,845373-1,845373-1,Species,CliniTox
318,Papaver somniferum L. ,Papaver somniferum,Papaver somniferum,673724-1,673724-1,Species,CliniTox
319,Pericallis x hybrida (Scheidw.) B. Nord. ,Pericallis × hybrida,Pericallis × hybrida,1164364-2,1164364-2,Species,CliniTox
320,Phaseolus vulgaris L. ,Phaseolus vulgaris,Phaseolus vulgaris,514191-1,514191-1,Species,CliniTox
321,Pieris floribunda (Pursh) Benth. & Hook. f. ,Pieris floribunda,Pieris floribunda,331653-1,331653-1,Species,CliniTox
322,Pieris japonica (Thunb.) D. Don ex G. Don ,Pieris japonica,Pieris japonica,331662-1,331662-1,Species,CliniTox
323,Pieris taiwanensis Hayata ,Pieris japonica var. japonica,Pieris japonica,331662-1,77224320-1,Variety,CliniTox
324,Polygonum fagopyrum L. ,Fagopyrum esculentum,Fagopyrum esculentum,694526-1,694526-1,Species,CliniTox
325,Portuna floribunda (Pursh) Nutt. ,Pieris floribunda,Pieris floribunda,331653-1,331653-1,Species,CliniTox
326,Prunus laurocerasus L. ,Prunus laurocerasus,Prunus laurocerasus,324745-2,324745-2,Species,CliniTox
327,Prunus lusitanica L. ,Prunus lusitanica,Prunus lusitanica,324746-2,324746-2,Species,CliniTox
328,Ranunculus sceleratus L. ,Ranunculus sceleratus,Ranunculus sceleratus,713776-1,713776-1,Species,CliniTox
329,Rhamnus frangula L. ,Frangula alnus,Frangula alnus,717344-1,717344-1,Species,CliniTox
330,Rhododendron catawbiense Michx. ,Rhododendron catawbiense,Rhododendron catawbiense,332124-1,332124-1,Species,CliniTox
331,Rhododendron flavum G. Don ,Rhododendron luteum,Rhododendron luteum,332817-1,332817-1,Species,CliniTox
332,Rhododendron luteum Sweet ,Rhododendron luteum,Rhododendron luteum,332817-1,332817-1,Species,CliniTox
333,Rhododendron simsii Planch. ,Rhododendron simsii,Rhododendron simsii,333359-1,333359-1,Species,CliniTox
334,Robinia pseudoacacia L. ,Robinia pseudoacacia,Robinia pseudoacacia,30034699-2,30034699-2,Species,CliniTox
335,Solanum dulcamara L. ,Solanum dulcamara,Solanum dulcamara,285213-2,285213-2,Species,CliniTox
336,Solanum melongena L. ,Solanum melongena,Solanum melongena,820053-1,820053-1,Species,CliniTox
337,Solanum nigrum L. ,Solanum nigrum,Solanum nigrum,30048260-2,30048260-2,Species,CliniTox
338,Solanum tuberosum L. ,Solanum tuberosum,Solanum tuberosum,821337-1,821337-1,Species,CliniTox
339,Tradescantia albiflora Kunth ,Tradescantia fluminensis,Tradescantia fluminensis,30090792-2,30090792-2,Species,CliniTox
340,Tradescantia fluminensis Vell. ,Tradescantia fluminensis,Tradescantia fluminensis,30090792-2,30090792-2,Species,CliniTox
341,Zamioculcas zamiifolia (hort. Lodd.) Engl. ,Zamioculcas zamiifolia,Zamioculcas zamiifolia,89402-1,89402-1,Species,CliniTox
342,Aconitum carmichaelii Debeaux ,Aconitum carmichaeli,Aconitum carmichaeli,707241-1,707241-1,Species,CliniTox
343,Aconitum lycoctonum L.s.l. ,Aconitum lycoctonum,Aconitum lycoctonum,707564-1,707564-1,Species,CliniTox
344,Aconitum napellus aggr. ,Aconitum napellus,Aconitum napellus,707615-1,707615-1,Species,CliniTox
345,Aconitum variegatum L.s.l. ,Aconitum variegatum,Aconitum variegatum,707931-1,707931-1,Species,CliniTox
346,Aconitum vulparia aggr. ,Aconitum vulparia,Aconitum vulparia,707955-1,707955-1,Species,CliniTox
347,Agaricus autumnalis Peck ,,,,,,CliniTox
348,Agaricus marginatus Batsch ,,,,,,CliniTox
349,Agaricus unicolor Vahl ,,,,,,CliniTox
350,Amanita phalloides (Vaill. ex Fr.) Link ,,,,,,CliniTox
351,Amanita virosa (Fr.) Bertillon ,,,,,,CliniTox
352,Anticlea elegans (Pursh) Rydb. ,Anticlea elegans,Anticlea elegans,15844-2,15844-2,Species,CliniTox
353,Atropa bella-donna L. ,Atropa bella-donna,Atropa bella-donna,814358-1,814358-1,Species,CliniTox
354,Brugmansia suaveolens Humb. & Bonpl. ex Willd. ,Brugmansia suaveolens,Brugmansia suaveolens,77109576-1,77109576-1,Species,CliniTox
355,Brugmansia versicolor Lagerh. ,Brugmansia versicolor,Brugmansia versicolor,37444-2,37444-2,Species,CliniTox
356,Bryonia alba L. ,Bryonia alba,Bryonia alba,291541-1,291541-1,Species,CliniTox
357,Bryonia cretica L. subsp. dioica (Jacq.) Tutin ,Bryonia cretica,Bryonia cretica,291575-1,291575-1,Species,CliniTox
358,Bryonia dioica Jacq. ,Bryonia cretica subsp. dioica,Bryonia cretica,291575-1,77200692-1,Subspecies,CliniTox
359,Cicuta virosa L. ,Cicuta virosa,Cicuta virosa,840414-1,840414-1,Species,CliniTox
360,Colchicum autumnale L. ,Colchicum autumnale,Colchicum autumnale,533232-1,533232-1,Species,CliniTox
361,Conium maculatum L. ,Conium maculatum,Conium maculatum,840668-1,840668-1,Species,CliniTox
362,Cortinarius orellanus Fries ,,,,,,CliniTox
363,Cortinarius rubellus Cooke ,,,,,,CliniTox
364,Cyanobacteria Stanier ,,,,,,CliniTox
365,Cyanophyceae Sachs ,,,,,,CliniTox
366,Cyanophyta Steinecke ,,,,,,CliniTox
367,Cytisus laburnum L. ,Laburnum anagyroides,Laburnum anagyroides,501428-1,501428-1,Species,CliniTox
368,Daphne mezereum L. ,Daphne mezereum,Daphne mezereum,831294-1,831294-1,Species,CliniTox
369,Datura gardneri Hook. ,Brugmansia suaveolens,Brugmansia suaveolens,77109576-1,77109576-1,Species,CliniTox
370,Datura stramonium L. ,Datura stramonium,Datura stramonium,314738-2,314738-2,Species,CliniTox
371,Datura suaveolens Willd. ,Brugmansia suaveolens,Brugmansia suaveolens,77109576-1,77109576-1,Species,CliniTox
372,Delphinium elatum L. ,Delphinium elatum,Delphinium elatum,710585-1,710585-1,Species,CliniTox
373,Delphinium staphisagria L. ,Delphinium staphisagria,Delphinium staphisagria,711034-1,711034-1,Species,CliniTox
374,Digitalis ambigua Murray ,Digitalis grandiflora,Digitalis grandiflora,60453625-2,60453625-2,Species,CliniTox
375,Digitalis grandiflora Mill. ,Digitalis grandiflora,Digitalis grandiflora,60453625-2,60453625-2,Species,CliniTox
376,Digitalis lanata Ehrh. ,Digitalis lanata,Digitalis lanata,802028-1,802028-1,Species,CliniTox
377,Digitalis lutea L. ,Digitalis lutea,Digitalis lutea,802039-1,802039-1,Species,CliniTox
378,Digitalis purpurea L. ,Digitalis purpurea,Digitalis purpurea,802077-1,802077-1,Species,CliniTox
379,Galerina autumnalis (Peck) A.H.Sm. & Singer ,,,,,,CliniTox
380,Galerina marginata (Batsch) Kühner ,,,,,,CliniTox
381,Galerina oregonensis A.H.Sm. ,,,,,,CliniTox
382,Galerina unicolor (Vahl) Singer ,,,,,,CliniTox
383,Galerina venenata (Vahl) Singer ,,,,,,CliniTox
384,Gyromitra esculenta (Pers. ex Pers.) Fr. ,,,,,,CliniTox
385,Helleborus niger L. ,Helleborus niger,Helleborus niger,711348-1,711348-1,Species,CliniTox
386,Helleborus viridis L. ,Helleborus viridis,Helleborus viridis,711386-1,711386-1,Species,CliniTox
387,Helvella esculenta Pers. ,,,,,,CliniTox
388,Hyoscyamus niger L. ,Hyoscyamus niger,Hyoscyamus niger,815932-1,815932-1,Species,CliniTox
389,Hyoscyamus scopolia ,Scopolia carniolica,Scopolia carniolica,817996-1,817996-1,Species,CliniTox
390,Jacobaea aquatica (Hill) G. Gaertn. et al. ,Jacobaea aquatica,Jacobaea aquatica,226583-1,226583-1,Species,CliniTox
391,"Jacobaea erucifolia (L.) P.Gaertn., B.Mey. & Scherb. ",Jacobaea erucifolia,Jacobaea erucifolia,226598-1,226598-1,Species,CliniTox
392,Jacobaea maritima (L.) Pelser & Meijden ,Jacobaea maritima,Jacobaea maritima,77075194-1,77075194-1,Species,CliniTox
393,Jacobaea vulgaris L. ,Senecio vulgaris,Senecio vulgaris,248251-1,248251-1,Species,CliniTox
394,Juniperus sabina L. ,Juniperus sabina,Juniperus sabina,30166980-2,30166980-2,Species,CliniTox
395,Laburnum anagyroides Medik. ,Laburnum anagyroides,Laburnum anagyroides,501428-1,501428-1,Species,CliniTox
396,Lathyrus cicera L. ,Lathyrus cicera,Lathyrus cicera,501638-1,501638-1,Species,CliniTox
397,Linum usitatissimum L. ,Linum usitatissimum,Linum usitatissimum,544772-1,544772-1,Species,CliniTox
398,Myxophyceae Wallroth ,,,,,,CliniTox
399,Nerium oleander L. ,Nerium oleander,Nerium oleander,80460-1,80460-1,Species,CliniTox
400,Nicotiana tabacum L. ,Nicotiana tabacum,Nicotiana tabacum,817077-1,817077-1,Species,CliniTox
401,Oxyphotobacteria Gibbons & Murray ,,,,,,CliniTox
402,Pholiota discolor Peck ,,,,,,CliniTox
403,Pholiota marginata (Batsch) Quél. ,,,,,,CliniTox
404,Phycochromaceae Rabenhorst ,,,,,,CliniTox
405,Physomitra esculenta (Pers.) Boud. ,,,,,,CliniTox
406,Platycladus orientalis (L.) Franco ,Platycladus orientalis,Platycladus orientalis,677124-1,677124-1,Species,CliniTox
407,Pteridium aquilinum (L.) Kuhn ,Pteridium aquilinum,Pteridium aquilinum,17210060-1,17210060-1,Species,CliniTox
408,Pteris aquilina L. ,Pteridium aquilinum,Pteridium aquilinum,17210060-1,17210060-1,Species,CliniTox
409,Ricinus communis L. ,Ricinus communis,Ricinus communis,355498-1,355498-1,Species,CliniTox
410,Sandersonia aurantiaca Hook. ,Sandersonia aurantiaca,Sandersonia aurantiaca,540483-1,540483-1,Species,CliniTox
411,Schizophyceae Cohn ,,,,,,CliniTox
412,Scopolia carniolica Jacq. ,Scopolia carniolica,Scopolia carniolica,817996-1,817996-1,Species,CliniTox
413,Senecio alpinus (L.) Scop. ,Jacobaea alpina,Jacobaea alpina,226580-1,226580-1,Species,CliniTox
414,Senecio aquaticus Hill ,Jacobaea aquatica,Jacobaea aquatica,226583-1,226583-1,Species,CliniTox
415,Senecio bicolor (Willd.) Tod. ,Jacobaea maritima subsp. bicolor,Jacobaea maritima,77075194-1,77075578-1,Subspecies,CliniTox
416,Senecio bicolor (Willd.) Tod. subsp. cineraria (DC.) Chater ,Jacobaea maritima,Jacobaea maritima,77075194-1,77075194-1,Species,CliniTox
417,Senecio cineraria DC. ,Jacobaea maritima,Jacobaea maritima,77075194-1,77075194-1,Species,CliniTox
418,Senecio cordatus W.D.J.Koch ,Jacobaea alpina subsp. alpina,Jacobaea alpina,226580-1,77180767-1,Subspecies,CliniTox
419,Senecio cordifolius Clairv. ,Jacobaea subalpina,Jacobaea subalpina,77073763-1,77073763-1,Species,CliniTox
420,Senecio erucifolius L. ,Jacobaea erucifolia,Jacobaea erucifolia,226598-1,226598-1,Species,CliniTox
421,Senecio harveianus auct. ,Senecio harveyanus,Senecio harveyanus,245439-1,245439-1,Species,CliniTox
422,Senecio inaequidens DC. ,Senecio inaequidens,Senecio inaequidens,245637-1,245637-1,Species,CliniTox
423,Senecio jacobaea L. ,Jacobaea vulgaris,Jacobaea vulgaris,226649-1,226649-1,Species,CliniTox
424,Senecio paludosus L. ,Jacobaea paludosa,Jacobaea paludosa,226621-1,226621-1,Species,CliniTox
425,Senecio reclinatus auct. ,Senecio chrysocoma,Senecio chrysocoma,244484-1,244484-1,Species,CliniTox
426,Senecio vulgaris L. ,Senecio vulgaris,Senecio vulgaris,248251-1,248251-1,Species,CliniTox
427,Taxus baccata L. ,Taxus baccata,Taxus baccata,306036-2,306036-2,Species,CliniTox
428,Thevetia neriifolia Juss. ex A. DC. ,Cascabela thevetia,Cascabela thevetia,47927-2,47927-2,Species,CliniTox
429,Thevetia peruviana (Pers.) K. Schum. ,Cascabela thevetia,Cascabela thevetia,47927-2,47927-2,Species,CliniTox
430,Thuja occidentalis L. ,Thuja occidentalis,Thuja occidentalis,263956-1,263956-1,Species,CliniTox
431,Thuja orientalis L. ,Platycladus orientalis,Platycladus orientalis,677124-1,677124-1,Species,CliniTox
432,Veratrum album L.s.l. ,Veratrum album,Veratrum album,30192264-2,30192264-2,Species,CliniTox
433,Zigadenus elegans Pursh ,Anticlea elegans,Anticlea elegans,15844-2,15844-2,Species,CliniTox
434,Brugmansia mollis ,Brugmansia × candida,Brugmansia × candida,814597-1,814597-1,Species,CliniTox
435,Datura versicolor ,Brugmansia versicolor,Brugmansia versicolor,37444-2,37444-2,Species,CliniTox
