,accepted,author,kingdom,Family,name,rank,powo_Snippet,Source,fqId,images,Accepted_Name,Accepted_ID,Accepted_Rank,Accepted_Species,Accepted_Species_ID
0,True,(Sw.) Schult.,Plantae,Rubiaceae,Palicourea crocea,Species, <b>Use</b>: <em>Poisons</em>.,POWO pages(/taxon/urn:lsid:ipni.org:names:759061-1),759061-1,"[{'thumbnail': '//d2seqvvyy3b8p2.cloudfront.net/05e4738e396f450685cb1891d7fb241c.jpg', 'fullsize': '//d2seqvvyy3b8p2.cloudfront.net/8374d8c26005d9e0ad59baf10d98a353.jpg', 'caption': 'Palicourea crocea (Sw.) Roem. &amp; Schult.'}, {'thumbnail': '//d2seqvvyy3b8p2.cloudfront.net/c52a758e7edd70fd61d3d43f0d910c07.jpg', 'fullsize': '//d2seqvvyy3b8p2.cloudfront.net/6392988677b5f783f82de1c389a1d450.jpg', 'caption': 'Palicourea crocea (Sw.) Roem. &amp; Schult.'}, {'thumbnail': '//d2seqvvyy3b8p2.cloudfront.net/3141d7dc6e9942905778bb7a84836dd2.jpg', 'fullsize': '//d2seqvvyy3b8p2.cloudfront.net/7d9a93b2e9f55724ab328e529fd9be34.jpg', 'caption': 'Palicourea crocea (Sw.) Roem. &amp; Schult.'}]",Palicourea crocea,759061-1,Species,Palicourea crocea,759061-1
1,True,(Kunth) Standl.,Plantae,Rubiaceae,Palicourea grandiflora,Species, <b>Use</b>: <em>Poisons</em>.,POWO pages(/taxon/urn:lsid:ipni.org:names:181012-2),181012-2,"[{'thumbnail': '//d2seqvvyy3b8p2.cloudfront.net/cde670e9bbadeb7c5ee4c0d1478873bb.jpg', 'fullsize': '//d2seqvvyy3b8p2.cloudfront.net/cfc500a8903cf08130db6c251986f085.jpg', 'caption': ""A specimen from Kew's Herbarium""}, {'thumbnail': '//d2seqvvyy3b8p2.cloudfront.net/a9e9a7987b9cf8fab6eec89119f8321c.jpg', 'fullsize': '//d2seqvvyy3b8p2.cloudfront.net/641ac3843ff492cce208c1e38a1597c6.jpg', 'caption': ""A specimen from Kew's Herbarium""}, {'thumbnail': '//d2seqvvyy3b8p2.cloudfront.net/260e1e29a71985266aec37bae71996ef.jpg', 'fullsize': '//d2seqvvyy3b8p2.cloudfront.net/3950b4a83ffdcadbed41a274cd57737d.jpg', 'caption': ""A specimen from Kew's Herbarium""}]",Palicourea grandiflora,181012-2,Species,Palicourea grandiflora,181012-2
2,True,(Mart. ex Schult. & Schult.f.) K.Schum.,Plantae,Rubiaceae,Duroia saccifera,Species, <b>Use</b>: <em>Poisons</em>.,POWO pages(/taxon/urn:lsid:ipni.org:names:60467403-2),60467403-2,"[{'thumbnail': '//d2seqvvyy3b8p2.cloudfront.net/0c78bbcdd1d2dc3b157892444d25d0d3.jpg', 'fullsize': '//d2seqvvyy3b8p2.cloudfront.net/afb6940ff00cf5d1e557e02f10f9bbb9.jpg', 'caption': 'Duroia saccifera (Schult. &amp; Schult.f.) K.Schum.'}, {'thumbnail': '//d2seqvvyy3b8p2.cloudfront.net/1af2017e37e17de89a6050f605206dcf.jpg', 'fullsize': '//d2seqvvyy3b8p2.cloudfront.net/39e64c9cd85df8d56963b5abfae787c6.jpg', 'caption': 'Duroia saccifera (Schult. &amp; Schult.f.) K.Schum.'}, {'thumbnail': '//d2seqvvyy3b8p2.cloudfront.net/469058036196bfef498f81db62f45057.jpg', 'fullsize': '//d2seqvvyy3b8p2.cloudfront.net/cd2381c28d2b3e70654ca9322ab0efc2.jpg', 'caption': 'Duroia saccifera (Schult. &amp; Schult.f.) K.Schum.'}]",Duroia saccifera,60467403-2,Species,Duroia saccifera,60467403-2
3,True,L.,Plantae,Rubiaceae,Spermacoce verticillata,Species, <b>Use</b>: <em>Poisons</em>.,POWO pages(/taxon/urn:lsid:ipni.org:names:767031-1),767031-1,"[{'thumbnail': '//d2seqvvyy3b8p2.cloudfront.net/054c2a3e020888a34ea6faeb34a9c963.jpg', 'fullsize': '//d2seqvvyy3b8p2.cloudfront.net/c13e7cb4377c903863a4407a4a6f63c6.jpg', 'caption': 'Spermacoce verticillata'}, {'thumbnail': '//d2seqvvyy3b8p2.cloudfront.net/b5ec3d9af5d71f0b4a00254617efd91c.jpg', 'fullsize': '//d2seqvvyy3b8p2.cloudfront.net/6f911cc6514241037dc2f141c3382157.jpg', 'caption': ""A specimen from Kew's Herbarium""}, {'thumbnail': '//d2seqvvyy3b8p2.cloudfront.net/2e251342df1a9ba66101f616f8108703.jpg', 'fullsize': '//d2seqvvyy3b8p2.cloudfront.net/d57323dec7391fd940e131bfb3312ba1.jpg', 'caption': ""A specimen from Kew's Herbarium""}]",Spermacoce verticillata,767031-1,Species,Spermacoce verticillata,767031-1
4,True,(Thunb.) Tirveng.,Plantae,Rubiaceae,Catunaregam spinosa,Species, <b>Use</b>: <em>Poisons</em>.,POWO pages(/taxon/urn:lsid:ipni.org:names:745904-1),745904-1,"[{'thumbnail': '//d2seqvvyy3b8p2.cloudfront.net/58f03d5c7b6c102022f9079c1217d138.jpg', 'fullsize': '//d2seqvvyy3b8p2.cloudfront.net/06fcf5afcf514d787ddd0fcf6ad31db9.jpg', 'caption': 'Catunaregam spinosa'}, {'thumbnail': '//d2seqvvyy3b8p2.cloudfront.net/573c2bed991cff2369dfd5f188c758f4.jpg', 'fullsize': '//d2seqvvyy3b8p2.cloudfront.net/e6f79663e59fc8b88665c4eabf1a1fac.jpg', 'caption': 'Catunaregam spinosa'}, {'thumbnail': '//d2seqvvyy3b8p2.cloudfront.net/95913b41af9558cbbe5857e30029076c.jpg', 'fullsize': '//d2seqvvyy3b8p2.cloudfront.net/3b5eda5d763a1d5123dd4e1b5f3ec93a.jpg', 'caption': 'Catunaregam spinosa'}]",Catunaregam spinosa,745904-1,Species,Catunaregam spinosa,745904-1
5,True,(Aubl.) Borhidi,Plantae,Rubiaceae,Palicourea tomentosa,Species, <b>Use</b>: <em>Poisons</em>.,POWO pages(/taxon/urn:lsid:ipni.org:names:77115635-1),77115635-1,"[{'thumbnail': '//d2seqvvyy3b8p2.cloudfront.net/b42eeb0530d362365d21482c647b8b67.jpg', 'fullsize': '//d2seqvvyy3b8p2.cloudfront.net/ce50cd688e039c24b4233bbcb5980ef9.jpg', 'caption': 'Palicourea tomentosa'}, {'thumbnail': '//d2seqvvyy3b8p2.cloudfront.net/3de5d2ed5def7d30c94001e4e5ef66dc.jpg', 'fullsize': '//d2seqvvyy3b8p2.cloudfront.net/7b49ff93d368fb8b8956b2b1e42658d9.jpg', 'caption': 'Palicourea tomentosa'}, {'thumbnail': '//d2seqvvyy3b8p2.cloudfront.net/0a57f2fc9b28eb108a7d36348c9dd213.jpg', 'fullsize': '//d2seqvvyy3b8p2.cloudfront.net/38443617dd4f20f843884c45bba78726.jpg', 'caption': 'Palicourea tomentosa'}]",Palicourea tomentosa,77115635-1,Species,Palicourea tomentosa,77115635-1
6,True,L.,Plantae,Rubiaceae,Genipa americana,Species, <b>Use</b>: <em>Poisons</em>.,POWO pages(/taxon/urn:lsid:ipni.org:names:751331-1),751331-1,"[{'thumbnail': '//d2seqvvyy3b8p2.cloudfront.net/5f6d1e88453a4b42e82e744a748f617a.jpg', 'fullsize': '//d2seqvvyy3b8p2.cloudfront.net/9d0ece0224434996b5f9503c717cf346.jpg', 'caption': 'Genipa americana L.'}, {'thumbnail': '//d2seqvvyy3b8p2.cloudfront.net/8ee2b13a102fb6d72754d2828485f6e3.jpg', 'fullsize': '//d2seqvvyy3b8p2.cloudfront.net/c2c04b5e4b89e56e9c7f518386f179a3.jpg', 'caption': 'Genipa americana'}, {'thumbnail': '//d2seqvvyy3b8p2.cloudfront.net/897271a2550d788b4befefaf1944c9a2.jpg', 'fullsize': '//d2seqvvyy3b8p2.cloudfront.net/4bd0dbcfcf6db93906e8d0fbc3e10017.jpg', 'caption': 'Genipa americana'}]",Genipa americana,751331-1,Species,Genipa americana,751331-1
7,True,(L.) DC.,Plantae,Rubiaceae,Mitracarpus hirtus,Species, <b>Use</b>: <em>Poisons</em>.,POWO pages(/taxon/urn:lsid:ipni.org:names:756228-1),756228-1,"[{'thumbnail': '//d2seqvvyy3b8p2.cloudfront.net/79c3f6f03aa2facb6e95da9f092df180.jpg', 'fullsize': '//d2seqvvyy3b8p2.cloudfront.net/239ab03f2bb045f09a2cd350cc0dcdc2.jpg', 'caption': 'Mitracarpus hirtus'}, {'thumbnail': '//d2seqvvyy3b8p2.cloudfront.net/ba463b5525ae49d8c471e7c37b62903f.jpg', 'fullsize': '//d2seqvvyy3b8p2.cloudfront.net/525d6aee3ccf84046605dd5a2b2dab22.jpg', 'caption': 'Mitracarpus hirtus'}, {'thumbnail': '//d2seqvvyy3b8p2.cloudfront.net/e3338f4e415fee430d55f8be6154343c.jpg', 'fullsize': '//d2seqvvyy3b8p2.cloudfront.net/ad729d365e38e006b1fa0b5ee43638f5.jpg', 'caption': ""A specimen from Kew's Herbarium""}]",Mitracarpus hirtus,756228-1,Species,Mitracarpus hirtus,756228-1
8,True,Jacq.,Plantae,Rubiaceae,Hamelia patens,Species, <b>Use</b>: <em>Poisons</em>.,POWO pages(/taxon/urn:lsid:ipni.org:names:752194-1),752194-1,"[{'thumbnail': '//d2seqvvyy3b8p2.cloudfront.net/653879099b04d9db48fee529c290c175.jpg', 'fullsize': '//d2seqvvyy3b8p2.cloudfront.net/27b866345bc45bb006b2d98da36f99ba.jpg', 'caption': 'Hamelia patens'}, {'thumbnail': '//d2seqvvyy3b8p2.cloudfront.net/a551258be7ccc8726701612912ada10e.jpg', 'fullsize': '//d2seqvvyy3b8p2.cloudfront.net/58f6a10dc4476ae1408314d9a7765d1e.jpg', 'caption': ""Hamelia patens Lime Sizzler ('Grelmsiz')""}, {'thumbnail': '//d2seqvvyy3b8p2.cloudfront.net/29363a58d809384971f8bffb245d41e1.jpg', 'fullsize': '//d2seqvvyy3b8p2.cloudfront.net/0b982ea90cf6564378817aec038b8d82.jpg', 'caption': ""Hamelia patens Lime Sizzler ('Grelmsiz')""}]",Hamelia patens,752194-1,Species,Hamelia patens,752194-1
9,True,Welw.,Plantae,Apocynaceae,Pachypodium lealii,Species, <b>Use</b>: <em>Poison</em>.,POWO pages(/taxon/urn:lsid:ipni.org:names:80706-1),80706-1,"[{'thumbnail': '//storage.googleapis.com/powop-assets/kew_profiles/STAG_001941_thumbnail.jpg', 'fullsize': '//storage.googleapis.com/powop-assets/kew_profiles/STAG_001941_fullsize.jpg', 'caption': 'Pachypodium lealii (bottle tree)'}, {'thumbnail': '//storage.googleapis.com/powop-assets/kew_profiles/STAG_001942_thumbnail.jpg', 'fullsize': '//storage.googleapis.com/powop-assets/kew_profiles/STAG_001942_fullsize.jpg', 'caption': 'Pachypodium lealii flower'}, {'thumbnail': '//d2seqvvyy3b8p2.cloudfront.net/53ed9308d20276c785ecf09b26333797.jpg', 'fullsize': '//d2seqvvyy3b8p2.cloudfront.net/79bb930e0b1c1ddd0cbf9c1c63239090.jpg', 'caption': ""A specimen from Kew's Herbarium""}]",Pachypodium lealii,80706-1,Species,Pachypodium lealii,80706-1
10,True,Spruce ex Müll.Arg.,Plantae,Apocynaceae,Malouetia nitida,Species, <b>Use</b>: <em>Poisons</em>.,POWO pages(/taxon/urn:lsid:ipni.org:names:79913-1),79913-1,,Malouetia nitida,79913-1,Species,Malouetia nitida,79913-1
11,True,(Willd. ex Roem. & Schult.) Müll.Arg.,Plantae,Apocynaceae,Malouetia flavescens,Species, <b>Use</b>: <em>Poisons</em>.,POWO pages(/taxon/urn:lsid:ipni.org:names:79896-1),79896-1,"[{'thumbnail': '//d2seqvvyy3b8p2.cloudfront.net/99897ccae066231eb8b23a85227277a4.jpg', 'fullsize': '//d2seqvvyy3b8p2.cloudfront.net/ad9e8fc99640a629e9b02f9df96d111a.jpg', 'caption': ""A specimen from Kew's Herbarium""}, {'thumbnail': '//d2seqvvyy3b8p2.cloudfront.net/c8522b2f16464d28920f32c877edc3a9.jpg', 'fullsize': '//d2seqvvyy3b8p2.cloudfront.net/5a3e37996549cc9e095174918dccef7c.jpg', 'caption': 'Malouetia flavescens (Willd. ex Roem. &amp; Schult.) Müll.Arg.'}, {'thumbnail': '//d2seqvvyy3b8p2.cloudfront.net/41934c24c2ece64de07844ac8edcb332.jpg', 'fullsize': '//d2seqvvyy3b8p2.cloudfront.net/caab948e30e262a155904cfdb2318deb.jpg', 'caption': ""A specimen from Kew's Herbarium""}]",Malouetia flavescens,79896-1,Species,Malouetia flavescens,79896-1
12,True,(A.DC.) Schweinf.,Plantae,Apocynaceae,Acokanthera schimperi,Species, <b>Use</b>: A potent arrow-<em>poison</em> is prepared from the roots.,POWO pages(/taxon/urn:lsid:ipni.org:names:60447729-2),60447729-2,"[{'thumbnail': '//d2seqvvyy3b8p2.cloudfront.net/3fe15f673ec3e576f33fda8e50fd650c.jpg', 'fullsize': '//d2seqvvyy3b8p2.cloudfront.net/0339dc9febb23240dded1e0d7408e502.jpg', 'caption': ""A specimen from Kew's Herbarium""}]",Acokanthera schimperi,60447729-2,Species,Acokanthera schimperi,60447729-2
13,True,Roem. & Schult.,Plantae,Apocynaceae,Rauvolfia ligustrina,Species, <b>Use</b>: <em>Poisons</em>.,POWO pages(/taxon/urn:lsid:ipni.org:names:81565-1),81565-1,"[{'thumbnail': '//d2seqvvyy3b8p2.cloudfront.net/67b406201530bf8f7254dffae48a74b8.jpg', 'fullsize': '//d2seqvvyy3b8p2.cloudfront.net/84776ab9ea026221fe1e2613a749dd20.jpg', 'caption': ""A specimen from Kew's Herbarium""}, {'thumbnail': '//d2seqvvyy3b8p2.cloudfront.net/f8612b4a9e9e16de009a1fe729757911.jpg', 'fullsize': '//d2seqvvyy3b8p2.cloudfront.net/9973f4da5d0b5988dc98eb635a352a94.jpg', 'caption': 'Rauvolfia ligustrina Roem. &amp; Schult.'}, {'thumbnail': '//d2seqvvyy3b8p2.cloudfront.net/6ee2affd6d2f61c97c37246fe39a1415.jpg', 'fullsize': '//d2seqvvyy3b8p2.cloudfront.net/c2291deac6d437ca7d08d8fe14e19587.jpg', 'caption': 'Rauvolfia ligustrina'}]",Rauvolfia ligustrina,81565-1,Species,Rauvolfia ligustrina,81565-1
14,True,Roxb. ex R.Br.,Plantae,Apocynaceae,Cryptostegia grandiflora,Species, <b>Use</b>: <em>Poisons</em>.,POWO pages(/taxon/urn:lsid:ipni.org:names:95962-1),95962-1,"[{'thumbnail': '//d2seqvvyy3b8p2.cloudfront.net/1fca864345f4054f9d626881f8ff792a.jpg', 'fullsize': '//d2seqvvyy3b8p2.cloudfront.net/9031b42a6a69c6047be03dbaaf9ea6a9.jpg', 'caption': 'Cryptostegia grandiflora'}, {'thumbnail': '//d2seqvvyy3b8p2.cloudfront.net/2c865e2f444ba5ae8cbd3b19bf641c9b.jpg', 'fullsize': '//d2seqvvyy3b8p2.cloudfront.net/260068b2209482f06341bb94905f338f.jpg', 'caption': ""A specimen from Kew's Herbarium""}, {'thumbnail': '//d2seqvvyy3b8p2.cloudfront.net/bdc33f485af64fa57a396a9302aacb68.jpg', 'fullsize': '//d2seqvvyy3b8p2.cloudfront.net/d06a26f2a9fc5e442398f01cdec4e321.jpg', 'caption': 'Cryptostegia grandiflora Roxb. ex R.Br.'}]",Cryptostegia grandiflora,95962-1,Species,Cryptostegia grandiflora,95962-1
15,True,L.,Plantae,Apocynaceae,Allamanda cathartica,Species, <b>Use</b>: <em>Poisons</em>.,POWO pages(/taxon/urn:lsid:ipni.org:names:319065-2),319065-2,"[{'thumbnail': '//storage.googleapis.com/powop-assets/kew_profiles/Allamanda%20cathartica%20(Main)_thumbnail.jpg', 'fullsize': '//storage.googleapis.com/powop-assets/kew_profiles/Allamanda%20cathartica%20(Main)_fullsize.jpg', 'caption': 'Allamanda cathartica (golden trumpet vine)'}, {'thumbnail': '//storage.googleapis.com/powop-assets/kew_profiles/KPPCONT_047170_thumbnail.jpg', 'fullsize': '//storage.googleapis.com/powop-assets/kew_profiles/KPPCONT_047170_fullsize.jpg', 'caption': 'Allamanda cathartica (Curtis illustration)'}, {'thumbnail': '//d2seqvvyy3b8p2.cloudfront.net/741a4cd23bfd329ca882699f14da58a4.jpg', 'fullsize': '//d2seqvvyy3b8p2.cloudfront.net/617dac62f57007ab8592c1d9a40dc98a.jpg', 'caption': 'Allamanda cathartica'}]",Allamanda cathartica,319065-2,Species,Allamanda cathartica,319065-2
16,True,E.Mey.,Plantae,Apocynaceae,Gomphocarpus physocarpus,Species, <b>Use</b>: <em>Poisons</em>.,POWO pages(/taxon/urn:lsid:ipni.org:names:97670-1),97670-1,"[{'thumbnail': '//d2seqvvyy3b8p2.cloudfront.net/d6eed1681b0c9fe9aac19eb114483f6e.jpg', 'fullsize': '//d2seqvvyy3b8p2.cloudfront.net/0fa98f4823f95a3217b22b957962abd9.jpg', 'caption': 'Gomphocarpus physocarpus'}, {'thumbnail': '//d2seqvvyy3b8p2.cloudfront.net/9119297bb20c73ebd83f0d57d77fa9c5.jpg', 'fullsize': '//d2seqvvyy3b8p2.cloudfront.net/ca5717c5ce957c2844e9ffb93d998a5a.jpg', 'caption': 'Gomphocarpus physocarpus'}, {'thumbnail': '//d2seqvvyy3b8p2.cloudfront.net/e1d93d9f9571f7dcc3dee82fd0b82873.jpg', 'fullsize': '//d2seqvvyy3b8p2.cloudfront.net/8b78c32017eba2404b3d9bc46ab85f12.jpg', 'caption': 'Gomphocarpus physocarpus'}]",Gomphocarpus physocarpus,97670-1,Species,Gomphocarpus physocarpus,97670-1
17,True,L.,Plantae,Apocynaceae,Plumeria alba,Species, <b>Use</b>: <em>Poisons</em>.,POWO pages(/taxon/urn:lsid:ipni.org:names:81171-1),81171-1,"[{'thumbnail': '//d2seqvvyy3b8p2.cloudfront.net/2b99f74153ab9c0e3741c473c93c3db5.jpg', 'fullsize': '//d2seqvvyy3b8p2.cloudfront.net/1132a6908c9ae660e931793259792881.jpg', 'caption': 'Plumeria alba'}]",Plumeria alba,81171-1,Species,Plumeria alba,81171-1
18,True,(L.) R.Br. ex Roem. & Schult.,Plantae,Apocynaceae,Tabernaemontana divaricata,Species, <b>Use</b>: <em>Poisons</em>.,POWO pages(/taxon/urn:lsid:ipni.org:names:82097-1),82097-1,"[{'thumbnail': '//d2seqvvyy3b8p2.cloudfront.net/5f3e5f24a526a5de00d964bd95471be0.jpg', 'fullsize': '//d2seqvvyy3b8p2.cloudfront.net/ec284076d77dddfa36dadd2167e96d0f.jpg', 'caption': 'Tabernaemontana divaricata'}, {'thumbnail': '//d2seqvvyy3b8p2.cloudfront.net/b108ebf69c8438f9e101abc0bf8699c4.jpg', 'fullsize': '//d2seqvvyy3b8p2.cloudfront.net/b9a9a82e7aa15e417f46d1c22753e433.jpg', 'caption': 'Tabernaemontana divaricata'}, {'thumbnail': '//d2seqvvyy3b8p2.cloudfront.net/55c19bf1cd1633d7e9ec32c2f1cf1d03.jpg', 'fullsize': '//d2seqvvyy3b8p2.cloudfront.net/86f5692402bf27000c440fd8fd6f3240.jpg', 'caption': ""A specimen from Kew's Herbarium""}]",Tabernaemontana divaricata,82097-1,Species,Tabernaemontana divaricata,82097-1
19,True,(Forssk.) Roem. & Schult.,Plantae,Apocynaceae,Adenium obesum,Species," <b>Use</b>:  been used, for example, in arrow <em>poison</em>.",POWO pages(/taxon/urn:lsid:ipni.org:names:76369-1),76369-1,"[{'thumbnail': '//d2seqvvyy3b8p2.cloudfront.net/8a85cbf6450e77a230e87b59e3a66bc3.jpg', 'fullsize': '//d2seqvvyy3b8p2.cloudfront.net/5c8e5e54131a03f88a7c2617bf332746.jpg', 'caption': 'Adenium obesum'}, {'thumbnail': '//d2seqvvyy3b8p2.cloudfront.net/65fd93102470c96f83086e7e9ea40154.jpg', 'fullsize': '//d2seqvvyy3b8p2.cloudfront.net/5d9dede39a585ae9fa12864ddd56ddd7.jpg', 'caption': 'Adenium obesum'}, {'thumbnail': '//d2seqvvyy3b8p2.cloudfront.net/5dee1559ed1880611a3a26c9cdbcedf9.jpg', 'fullsize': '//d2seqvvyy3b8p2.cloudfront.net/f0b2eac3de747f80e0a5ec62a7ed5673.jpg', 'caption': 'Adenium obesum'}]",Adenium obesum,76369-1,Species,Adenium obesum,76369-1
20,True,(L.) W.T.Aiton,Plantae,Apocynaceae,Calotropis gigantea,Species, <b>Use</b>: <em>Poisons</em>.,POWO pages(/taxon/urn:lsid:ipni.org:names:95173-1),95173-1,"[{'thumbnail': '//d2seqvvyy3b8p2.cloudfront.net/1b69aa459fe710fc067e295ebd1e5d78.jpg', 'fullsize': '//d2seqvvyy3b8p2.cloudfront.net/c22af705d4496fb867670bd9f9de7883.jpg', 'caption': 'Calotropis gigantea'}, {'thumbnail': '//d2seqvvyy3b8p2.cloudfront.net/9bbf5a3f38ad7bb474794d5f15133eab.jpg', 'fullsize': '//d2seqvvyy3b8p2.cloudfront.net/75d339e427005334bf78f4044da0213f.jpg', 'caption': 'Calotropis gigantea'}, {'thumbnail': '//d2seqvvyy3b8p2.cloudfront.net/d556afe6fa50523cb05a870fefb67cdd.jpg', 'fullsize': '//d2seqvvyy3b8p2.cloudfront.net/f473565562c163c946b5e36d46e0d42e.jpg', 'caption': 'Calotropis gigantea'}]",Calotropis gigantea,95173-1,Species,Calotropis gigantea,95173-1
21,True,(L.) Lippold,Plantae,Apocynaceae,Cascabela thevetia,Species, <b>Use</b>: <em>Poisons</em>.,POWO pages(/taxon/urn:lsid:ipni.org:names:47927-2),47927-2,"[{'thumbnail': '//d2seqvvyy3b8p2.cloudfront.net/24ea22adb73679e56fa738a579d0dd24.jpg', 'fullsize': '//d2seqvvyy3b8p2.cloudfront.net/7649fd793bfd70066fb9c8a6bca797b6.jpg', 'caption': 'Cascabela thevetia'}, {'thumbnail': '//d2seqvvyy3b8p2.cloudfront.net/df80cda290e751be0d3fcc882cb3412d.jpg', 'fullsize': '//d2seqvvyy3b8p2.cloudfront.net/99e504aae7341787b17479cdcc1d9b77.jpg', 'caption': 'Cascabela thevetia'}, {'thumbnail': '//d2seqvvyy3b8p2.cloudfront.net/c3c4c7fcf503eb808deef831bcab0a87.jpg', 'fullsize': '//d2seqvvyy3b8p2.cloudfront.net/c54ee201cec2086d5fef6613f3adfb21.jpg', 'caption': ""Cascabela thevetia 'Aurantiaca'""}]",Cascabela thevetia,47927-2,Species,Cascabela thevetia,47927-2
22,True,L.,Plantae,Apocynaceae,Nerium oleander,Species, <b>Use</b>: <em>Poisons</em>.,POWO pages(/taxon/urn:lsid:ipni.org:names:80460-1),80460-1,"[{'thumbnail': '//storage.googleapis.com/powop-assets/kew_profiles/Nerium_oleander_crop_main_web_thumbnail.jpg', 'fullsize': '//storage.googleapis.com/powop-assets/kew_profiles/Nerium_oleander_crop_main_web_fullsize.jpg', 'caption': 'Nerium oleander (oleander)'}, {'thumbnail': '//d2seqvvyy3b8p2.cloudfront.net/4b5184e53fba6e1094a42a308baf434f.jpg', 'fullsize': '//d2seqvvyy3b8p2.cloudfront.net/db44ea3702ded13c50c6a444043039f6.jpg', 'caption': 'Nerium oleander'}, {'thumbnail': '//storage.googleapis.com/powop-assets/kew_profiles/STAG_001925_thumbnail.jpg', 'fullsize': '//storage.googleapis.com/powop-assets/kew_profiles/STAG_001925_fullsize.jpg', 'caption': 'Nerium oleander illustration'}]",Nerium oleander,80460-1,Species,Nerium oleander,80460-1
23,True,L.,Plantae,Apocynaceae,Plumeria rubra,Species, <b>Use</b>: <em>Poisons</em>.,POWO pages(/taxon/urn:lsid:ipni.org:names:81275-1),81275-1,"[{'thumbnail': '//d2seqvvyy3b8p2.cloudfront.net/8b6724fb4afb61d1c96fdef594ca341e.jpg', 'fullsize': '//d2seqvvyy3b8p2.cloudfront.net/8bacd23d35427a582a75b1b1ce43b1ab.jpg', 'caption': 'Plumeria rubra'}, {'thumbnail': '//d2seqvvyy3b8p2.cloudfront.net/8b3d787778e80e64c4f97553ba0c081e.jpg', 'fullsize': '//d2seqvvyy3b8p2.cloudfront.net/38d0793e4c608c8475a7b8a1fcfcf259.jpg', 'caption': 'Plumeria rubra'}, {'thumbnail': '//d2seqvvyy3b8p2.cloudfront.net/b6f7f85c3c44678cdfe08f6c9b53e9b1.jpg', 'fullsize': '//d2seqvvyy3b8p2.cloudfront.net/cf252fe12449e383f19272d445be227f.jpg', 'caption': 'Plumeria rubra'}]",Plumeria rubra,81275-1,Species,Plumeria rubra,81275-1
24,True,Bojer ex Decne.,Plantae,Apocynaceae,Cryptostegia madagascariensis,Species, <b>Use</b>: <em>Poisons</em>.,POWO pages(/taxon/urn:lsid:ipni.org:names:95963-1),95963-1,"[{'thumbnail': '//d2seqvvyy3b8p2.cloudfront.net/782a9214bb3be7dbeddc917ed252feff.jpg', 'fullsize': '//d2seqvvyy3b8p2.cloudfront.net/c1463380c947e8f418b56cca09fd970a.jpg', 'caption': 'Cryptostegia madagascariensis'}, {'thumbnail': '//d2seqvvyy3b8p2.cloudfront.net/6692a96c098fb46514560604c0364f1a.jpg', 'fullsize': '//d2seqvvyy3b8p2.cloudfront.net/0f92349d19605ffb79ea09822a88b26e.jpg', 'caption': 'Cryptostegia madagascariensis Bojer ex Decne.'}, {'thumbnail': '//d2seqvvyy3b8p2.cloudfront.net/99e5222d9f56e26057a1f9103f383f2a.jpg', 'fullsize': '//d2seqvvyy3b8p2.cloudfront.net/4a86557a8d1637a95a23c08a4cd8bef8.jpg', 'caption': ""A specimen from Kew's Herbarium""}]",Cryptostegia madagascariensis,95963-1,Species,Cryptostegia madagascariensis,95963-1
25,True,(L.) G.Don,Plantae,Apocynaceae,Catharanthus roseus,Species, <b>Use</b>: <em>Poisons</em>.,POWO pages(/taxon/urn:lsid:ipni.org:names:77880-1),77880-1,"[{'thumbnail': '//storage.googleapis.com/powop-assets/kew_profiles/Catharanthus_roseus_flwr_EXP_CH98_149_main_web_2015_thumbnail.jpg', 'fullsize': '//storage.googleapis.com/powop-assets/kew_profiles/Catharanthus_roseus_flwr_EXP_CH98_149_main_web_2015_fullsize.jpg', 'caption': 'Catharanthus roseus (Madagascar periwinkle)'}, {'thumbnail': '//storage.googleapis.com/powop-assets/kew_profiles/Catharanthus_roseus_bush_EXP_CH98_150_MED_web_thumbnail.jpg', 'fullsize': '//storage.googleapis.com/powop-assets/kew_profiles/Catharanthus_roseus_bush_EXP_CH98_150_MED_web_fullsize.jpg', 'caption': 'Catharanthus roseus'}, {'thumbnail': '//storage.googleapis.com/powop-assets/kew_profiles/Catharanthus_roseus_insitu_6_AMcR_MED_web_thumbnail.jpg', 'fullsize': '//storage.googleapis.com/powop-assets/kew_profiles/Catharanthus_roseus_insitu_6_AMcR_MED_web_fullsize.jpg', 'caption': 'Catharanthus roseus'}]",Catharanthus roseus,77880-1,Species,Catharanthus roseus,77880-1
26,True,(Aiton) W.T.Aiton,Plantae,Apocynaceae,Calotropis procera,Species, <b>Use</b>: <em>Poisons</em>.,POWO pages(/taxon/urn:lsid:ipni.org:names:1004515-2),1004515-2,"[{'thumbnail': '//d2seqvvyy3b8p2.cloudfront.net/ca3aa9e4a4157c557a826b5b07e1638f.jpg', 'fullsize': '//d2seqvvyy3b8p2.cloudfront.net/b2ac48a881393dfeaa196a49fc82a286.jpg', 'caption': 'Calotropis procera'}, {'thumbnail': '//d2seqvvyy3b8p2.cloudfront.net/eb316174aa44127dc0e7e511fd6f872f.jpg', 'fullsize': '//d2seqvvyy3b8p2.cloudfront.net/e4b2cda629bd5e46e5a6f8762bae1b5a.jpg', 'caption': 'Calotropis procera'}, {'thumbnail': '//d2seqvvyy3b8p2.cloudfront.net/8a033de564b40f5b0286c2e65787a756.jpg', 'fullsize': '//d2seqvvyy3b8p2.cloudfront.net/e868e8536d218de001cc3f86c3a0d8cc.jpg', 'caption': 'Calotropis procera'}]",Calotropis procera,1004515-2,Species,Calotropis procera,1004515-2
27,True,L.,Plantae,Apocynaceae,Asclepias curassavica,Species, <b>Use</b>: <em>Poisons</em> (Pérez Arbeláez 1996).,POWO pages(/taxon/urn:lsid:ipni.org:names:94213-1),94213-1,"[{'thumbnail': '//storage.googleapis.com/powop-assets/neotropikey/asclepias_curva_jwood_thumbnail.jpg', 'fullsize': '//storage.googleapis.com/powop-assets/neotropikey/asclepias_curva_jwood_fullsize.jpg', 'caption': 'Asclepias curassavica (Apocynaceae (Asclepiadoideae))'}, {'thumbnail': '//d2seqvvyy3b8p2.cloudfront.net/bc237adc98603c9bd97f3278a58cc21a.jpg', 'fullsize': '//d2seqvvyy3b8p2.cloudfront.net/40d1997e4c2630f1a48789957f319398.jpg', 'caption': 'Asclepias curassavica L.'}, {'thumbnail': '//d2seqvvyy3b8p2.cloudfront.net/edd0988981b9d543a32bc97099346939.jpg', 'fullsize': '//d2seqvvyy3b8p2.cloudfront.net/6f723e4ff25143c7e6c7e701cbd92f8e.jpg', 'caption': 'Asclepias curassavica L.'}]",Asclepias curassavica,94213-1,Species,Asclepias curassavica,94213-1
28,True,Stapf,Plantae,Apocynaceae,Adenium swazicum,Species, <b>Appearance</b>:  up to 1 m. in diam. with <em>poisonous</em> clear latex.,POWO pages(/taxon/urn:lsid:ipni.org:names:76374-1),76374-1,"[{'thumbnail': '//d2seqvvyy3b8p2.cloudfront.net/a71062f8d3a2c4a99862c82742c9f67c.jpg', 'fullsize': '//d2seqvvyy3b8p2.cloudfront.net/4aca26113084115adf906ef310ebbb68.jpg', 'caption': 'Adenium swazicum'}, {'thumbnail': '//d2seqvvyy3b8p2.cloudfront.net/4a05a85806f99e162555be9ee3316168.jpg', 'fullsize': '//d2seqvvyy3b8p2.cloudfront.net/dfa0b16555be9835b881ffbd9ddb2dea.jpg', 'caption': ""A specimen from Kew's Herbarium""}]",Adenium swazicum,76374-1,Species,Adenium swazicum,76374-1
29,True,Klotzsch,Plantae,Apocynaceae,Adenium multiflorum,Species," <b>Appearance</b>: -like root, up to 1 m. in diameter with <em>poisonous</em> white latex",POWO pages(/taxon/urn:lsid:ipni.org:names:76366-1),76366-1,,Adenium multiflorum,76366-1,Species,Adenium multiflorum,76366-1
30,True,Vahl,Plantae,Rubiaceae,Pavetta villosa,Species, <b>Use</b>: Said to be <em>poisonous</em> to camels and sheep.,POWO pages(/taxon/urn:lsid:ipni.org:names:760134-1),760134-1,"[{'thumbnail': '//d2seqvvyy3b8p2.cloudfront.net/d69debb4ea5ed2085f50feaa7483a053.jpg', 'fullsize': '//d2seqvvyy3b8p2.cloudfront.net/0e08ec7c1e714e12cd6b99e639ece0b6.jpg', 'caption': ""A specimen from Kew's Herbarium""}, {'thumbnail': '//d2seqvvyy3b8p2.cloudfront.net/d7b78040f875b06ae30765fb66a9f133.jpg', 'fullsize': '//d2seqvvyy3b8p2.cloudfront.net/7a912c50f18ffa2ee48d768546fa80f6.jpg', 'caption': ""A specimen from Kew's Herbarium""}, {'thumbnail': '//d2seqvvyy3b8p2.cloudfront.net/624037bcf19f837ec95895aa7db6073e.jpg', 'fullsize': '//d2seqvvyy3b8p2.cloudfront.net/592f1ff21282c7cb1ff8fc072251fe41.jpg', 'caption': ""A specimen from Kew's Herbarium""}]",Pavetta villosa,760134-1,Species,Pavetta villosa,760134-1
31,True,Oliv.,Plantae,Apocynaceae,Tacazzea apiculata,Species, <b>Use</b>: Tacazzea apiculata is supposed to be very <em>poisonous</em>,POWO pages(/taxon/urn:lsid:ipni.org:names:102071-1),102071-1,"[{'thumbnail': '//storage.googleapis.com/powop-assets/PPA/3000_3999/h3020d_thumbnail.jpg', 'fullsize': '//storage.googleapis.com/powop-assets/PPA/3000_3999/h3020d_fullsize.jpg', 'caption': 'Tacazzea apiculata Oliv.'}, {'thumbnail': '//storage.googleapis.com/powop-assets/PPA/3000_3999/h3020l_thumbnail.jpg', 'fullsize': '//storage.googleapis.com/powop-assets/PPA/3000_3999/h3020l_fullsize.jpg', 'caption': 'Tacazzea apiculata Oliv.'}, {'thumbnail': '//storage.googleapis.com/powop-assets/PPA/3000_3999/h3020j_thumbnail.jpg', 'fullsize': '//storage.googleapis.com/powop-assets/PPA/3000_3999/h3020j_fullsize.jpg', 'caption': 'Tacazzea apiculata Oliv.'}]",Tacazzea apiculata,102071-1,Species,Tacazzea apiculata,102071-1
32,True,L.,Plantae,Apocynaceae,Nerium oleander,Species," <b>Leaf</b>: Leaves opposite or ternate, thick and <em>poisonous</em>.",POWO pages(/taxon/urn:lsid:ipni.org:names:80460-1),80460-1,"[{'thumbnail': '//storage.googleapis.com/powop-assets/kew_profiles/Nerium_oleander_crop_main_web_thumbnail.jpg', 'fullsize': '//storage.googleapis.com/powop-assets/kew_profiles/Nerium_oleander_crop_main_web_fullsize.jpg', 'caption': 'Nerium oleander (oleander)'}, {'thumbnail': '//d2seqvvyy3b8p2.cloudfront.net/4b5184e53fba6e1094a42a308baf434f.jpg', 'fullsize': '//d2seqvvyy3b8p2.cloudfront.net/db44ea3702ded13c50c6a444043039f6.jpg', 'caption': 'Nerium oleander'}, {'thumbnail': '//storage.googleapis.com/powop-assets/kew_profiles/STAG_001925_thumbnail.jpg', 'fullsize': '//storage.googleapis.com/powop-assets/kew_profiles/STAG_001925_fullsize.jpg', 'caption': 'Nerium oleander illustration'}]",Nerium oleander,80460-1,Species,Nerium oleander,80460-1
33,True,(Forssk.) Roem. & Schult.,Plantae,Apocynaceae,Adenium obesum,Species, <b>Use</b>: The plant contains very <em>toxic</em> cardiac glycosides and has,POWO pages(/taxon/urn:lsid:ipni.org:names:76369-1),76369-1,"[{'thumbnail': '//d2seqvvyy3b8p2.cloudfront.net/8a85cbf6450e77a230e87b59e3a66bc3.jpg', 'fullsize': '//d2seqvvyy3b8p2.cloudfront.net/5c8e5e54131a03f88a7c2617bf332746.jpg', 'caption': 'Adenium obesum'}, {'thumbnail': '//d2seqvvyy3b8p2.cloudfront.net/65fd93102470c96f83086e7e9ea40154.jpg', 'fullsize': '//d2seqvvyy3b8p2.cloudfront.net/5d9dede39a585ae9fa12864ddd56ddd7.jpg', 'caption': 'Adenium obesum'}, {'thumbnail': '//d2seqvvyy3b8p2.cloudfront.net/5dee1559ed1880611a3a26c9cdbcedf9.jpg', 'fullsize': '//d2seqvvyy3b8p2.cloudfront.net/f0b2eac3de747f80e0a5ec62a7ed5673.jpg', 'caption': 'Adenium obesum'}]",Adenium obesum,76369-1,Species,Adenium obesum,76369-1
34,True,L.,Plantae,Apocynaceae,Nerium oleander,Species, <b>Use</b>: The plant contains very <em>toxic</em> cardiac glycosides.,POWO pages(/taxon/urn:lsid:ipni.org:names:80460-1),80460-1,"[{'thumbnail': '//storage.googleapis.com/powop-assets/kew_profiles/Nerium_oleander_crop_main_web_thumbnail.jpg', 'fullsize': '//storage.googleapis.com/powop-assets/kew_profiles/Nerium_oleander_crop_main_web_fullsize.jpg', 'caption': 'Nerium oleander (oleander)'}, {'thumbnail': '//d2seqvvyy3b8p2.cloudfront.net/4b5184e53fba6e1094a42a308baf434f.jpg', 'fullsize': '//d2seqvvyy3b8p2.cloudfront.net/db44ea3702ded13c50c6a444043039f6.jpg', 'caption': 'Nerium oleander'}, {'thumbnail': '//storage.googleapis.com/powop-assets/kew_profiles/STAG_001925_thumbnail.jpg', 'fullsize': '//storage.googleapis.com/powop-assets/kew_profiles/STAG_001925_fullsize.jpg', 'caption': 'Nerium oleander illustration'}]",Nerium oleander,80460-1,Species,Nerium oleander,80460-1
